[
{
 "model": "name.ballotpositionname",
 "pk": "yes",
 "fields": {
  "name": "Yes",
  "desc": "",
  "used": true,
  "order": 1,
  "blocking": false
 }
},
{
 "model": "name.ballotpositionname",
 "pk": "noobj",
 "fields": {
  "name": "No Objection",
  "desc": "",
  "used": true,
  "order": 2,
  "blocking": false
 }
},
{
 "model": "name.ballotpositionname",
 "pk": "block",
 "fields": {
  "name": "Block",
  "desc": "",
  "used": true,
  "order": 3,
  "blocking": true
 }
},
{
 "model": "name.ballotpositionname",
 "pk": "discuss",
 "fields": {
  "name": "Discuss",
  "desc": "",
  "used": true,
  "order": 3,
  "blocking": true
 }
},
{
 "model": "name.ballotpositionname",
 "pk": "abstain",
 "fields": {
  "name": "Abstain",
  "desc": "",
  "used": true,
  "order": 4,
  "blocking": false
 }
},
{
 "model": "name.ballotpositionname",
 "pk": "recuse",
 "fields": {
  "name": "Recuse",
  "desc": "",
  "used": true,
  "order": 5,
  "blocking": false
 }
},
{
 "model": "name.ballotpositionname",
 "pk": "norecord",
 "fields": {
  "name": "No Record",
  "desc": "",
  "used": true,
  "order": 6,
  "blocking": false
 }
},
{
 "model": "name.constraintname",
 "pk": "conflict",
 "fields": {
  "name": "Conflicts with",
  "desc": "",
  "used": true,
  "order": 0,
  "penalty": 100000
 }
},
{
 "model": "name.constraintname",
 "pk": "conflic2",
 "fields": {
  "name": "Conflicts with (secondary)",
  "desc": "",
  "used": true,
  "order": 0,
  "penalty": 10000
 }
},
{
 "model": "name.constraintname",
 "pk": "conflic3",
 "fields": {
  "name": "Conflicts with (tertiary)",
  "desc": "",
  "used": true,
  "order": 0,
  "penalty": 1000
 }
},
{
 "model": "name.constraintname",
 "pk": "bethere",
 "fields": {
  "name": "Person must be present",
  "desc": "",
  "used": true,
  "order": 0,
  "penalty": 200000
 }
},
{
 "model": "name.dbtemplatetypename",
 "pk": "django",
 "fields": {
  "name": "Django",
  "desc": "",
  "used": true,
  "order": 0
 }
},
{
 "model": "name.dbtemplatetypename",
 "pk": "plain",
 "fields": {
  "name": "Plain",
  "desc": "",
  "used": true,
  "order": 0
 }
},
{
 "model": "name.dbtemplatetypename",
 "pk": "rst",
 "fields": {
  "name": "reStructuredText",
  "desc": "",
  "used": true,
  "order": 0
 }
},
{
 "model": "name.docrelationshipname",
 "pk": "downref-approval",
 "fields": {
  "name": "approves downref to",
  "desc": "Approval for downref",
  "used": true,
  "order": 0,
  "revname": "was approved for downref by"
 }
},
{
 "model": "name.docrelationshipname",
 "pk": "conflrev",
 "fields": {
  "name": "conflict reviews",
  "desc": "",
  "used": true,
  "order": 0,
  "revname": "Conflict reviewed by"
 }
},
{
 "model": "name.docrelationshipname",
 "pk": "refinfo",
 "fields": {
  "name": "informatively references",
  "desc": "Informative Reference",
  "used": true,
  "order": 0,
  "revname": "is informatively referenced by"
 }
},
{
 "model": "name.docrelationshipname",
 "pk": "tobcp",
 "fields": {
  "name": "Moves to BCP",
  "desc": "",
  "used": true,
  "order": 0,
  "revname": "Moved to BCP by"
 }
},
{
 "model": "name.docrelationshipname",
 "pk": "toexp",
 "fields": {
  "name": "Moves to Experimental",
  "desc": "",
  "used": true,
  "order": 0,
  "revname": "Moved to Experimental by"
 }
},
{
 "model": "name.docrelationshipname",
 "pk": "tohist",
 "fields": {
  "name": "Moves to Historic",
  "desc": "",
  "used": true,
  "order": 0,
  "revname": "Moved to Historic by"
 }
},
{
 "model": "name.docrelationshipname",
 "pk": "toinf",
 "fields": {
  "name": "Moves to Informational",
  "desc": "",
  "used": true,
  "order": 0,
  "revname": "Moved to Informational by"
 }
},
{
 "model": "name.docrelationshipname",
 "pk": "tois",
 "fields": {
  "name": "Moves to Internet Standard",
  "desc": "",
  "used": true,
  "order": 0,
  "revname": "Moved to Internet Standard by"
 }
},
{
 "model": "name.docrelationshipname",
 "pk": "tops",
 "fields": {
  "name": "Moves to Proposed Standard",
  "desc": "",
  "used": true,
  "order": 0,
  "revname": "Moved to Proposed Standard by"
 }
},
{
 "model": "name.docrelationshipname",
 "pk": "refnorm",
 "fields": {
  "name": "normatively references",
  "desc": "Normative Reference",
  "used": true,
  "order": 0,
  "revname": "is normatively referenced by"
 }
},
{
 "model": "name.docrelationshipname",
 "pk": "obs",
 "fields": {
  "name": "Obsoletes",
  "desc": "",
  "used": true,
  "order": 0,
  "revname": "Obsoleted by"
 }
},
{
 "model": "name.docrelationshipname",
 "pk": "possibly-replaces",
 "fields": {
  "name": "Possibly Replaces",
  "desc": "",
  "used": true,
  "order": 0,
  "revname": "Possibly Replaced By"
 }
},
{
 "model": "name.docrelationshipname",
 "pk": "refold",
 "fields": {
  "name": "Reference",
  "desc": "A reference found in a document which does not have split normative/informative reference sections.",
  "used": true,
  "order": 0,
  "revname": "Referenced by"
 }
},
{
 "model": "name.docrelationshipname",
 "pk": "replaces",
 "fields": {
  "name": "Replaces",
  "desc": "",
  "used": true,
  "order": 0,
  "revname": "Replaced by"
 }
},
{
 "model": "name.docrelationshipname",
 "pk": "updates",
 "fields": {
  "name": "Updates",
  "desc": "",
  "used": true,
  "order": 0,
  "revname": "Updated by"
 }
},
{
 "model": "name.docrelationshipname",
 "pk": "refunk",
 "fields": {
  "name": "Possible Reference",
  "desc": "Reference of unknown type, likely found in the text of the document.",
  "used": true,
  "order": 3,
  "revname": "Possibly Referenced By"
 }
},
{
 "model": "name.docremindertypename",
 "pk": "stream-s",
 "fields": {
  "name": "Stream state should change",
  "desc": "",
  "used": true,
  "order": 0
 }
},
{
 "model": "name.doctagname",
 "pk": "app-min",
 "fields": {
  "name": "Approved in minutes",
  "desc": "",
  "used": true,
  "order": 0
 }
},
{
 "model": "name.doctagname",
 "pk": "errata",
 "fields": {
  "name": "Has errata",
  "desc": "",
  "used": true,
  "order": 0
 }
},
{
 "model": "name.doctagname",
 "pk": "ref",
 "fields": {
  "name": "Holding for references",
  "desc": "Holding for normative reference",
  "used": true,
  "order": 0
 }
},
{
 "model": "name.doctagname",
 "pk": "iana",
 "fields": {
  "name": "IANA",
  "desc": "The document has IANA actions that are not yet completed.",
  "used": true,
  "order": 0
 }
},
{
 "model": "name.doctagname",
 "pk": "iana-crd",
 "fields": {
  "name": "IANA coordination",
  "desc": "RFC-Editor/IANA Registration Coordination",
  "used": true,
  "order": 0
 }
},
{
 "model": "name.doctagname",
 "pk": "iesg-com",
 "fields": {
  "name": "IESG Review Completed",
  "desc": "",
  "used": true,
  "order": 0
 }
},
{
 "model": "name.doctagname",
 "pk": "missref",
 "fields": {
  "name": "Missing references",
  "desc": "Awaiting missing normative reference",
  "used": true,
  "order": 0
 }
},
{
 "model": "name.doctagname",
 "pk": "no-adopt",
 "fields": {
  "name": "Polled for WG adoption but not adopted",
  "desc": "",
  "used": true,
  "order": 0
 }
},
{
 "model": "name.doctagname",
 "pk": "rfc-rev",
 "fields": {
  "name": "Review by RFC Editor",
  "desc": "",
  "used": true,
  "order": 0
 }
},
{
 "model": "name.doctagname",
 "pk": "rev-wg",
 "fields": {
  "name": "Revised I-D Needed - Issue raised by WG",
  "desc": "",
  "used": true,
  "order": 0
 }
},
{
 "model": "name.doctagname",
 "pk": "need-sh",
 "fields": {
  "name": "Shepherd Needed",
  "desc": "",
  "used": true,
  "order": 0
 }
},
{
 "model": "name.doctagname",
 "pk": "via-rfc",
 "fields": {
  "name": "Via RFC Editor",
  "desc": "",
  "used": true,
  "order": 0
 }
},
{
 "model": "name.doctagname",
 "pk": "w-dep",
 "fields": {
  "name": "Waiting for Dependency on Other Document",
  "desc": "",
  "used": true,
  "order": 0
 }
},
{
 "model": "name.doctagname",
 "pk": "w-expert",
 "fields": {
  "name": "Awaiting Expert Review/Resolution of Issues Raised",
  "desc": "",
  "used": true,
  "order": 1
 }
},
{
 "model": "name.doctagname",
 "pk": "need-ed",
 "fields": {
  "name": "Editor Needed",
  "desc": "",
  "used": true,
  "order": 1
 }
},
{
 "model": "name.doctagname",
 "pk": "point",
 "fields": {
  "name": "Point Raised - writeup needed",
  "desc": "IESG discussions on the document have raised some issues that need to be brought to the attention of the authors/WG, but those issues have not been written down yet. (It is common for discussions during a telechat to result in such situations. An AD may raise a possible issue during a telechat and only decide as a result of that discussion whether the issue is worth formally writing up and bringing to the attention of the authors/WG). A document stays in the \"Point Raised - Writeup Needed\" state until *ALL* IESG comments that have been raised have been documented.",
  "used": true,
  "order": 1
 }
},
{
 "model": "name.doctagname",
 "pk": "ad-f-up",
 "fields": {
  "name": "AD Followup",
  "desc": "A generic substate indicating that the shepherding AD has the action item to determine appropriate next steps. In particular, the appropriate steps (and the corresponding next state or substate) depend entirely on the nature of the issues that were raised and can only be decided with active involvement of the shepherding AD. Examples include:\n\n- if another AD raises an issue, the shepherding AD may first iterate with the other AD to get a better understanding of the exact issue. Or, the shepherding AD may attempt to argue that the issue is not serious enough to bring to the attention of the authors/WG.\n\n- if a documented issue is forwarded to a WG, some further iteration may be needed before it can be determined whether a new revision is needed or whether the WG response to an issue clarifies the issue sufficiently.\n\n- when a new revision appears, the shepherding AD will first look at the changes to determine whether they believe all outstanding issues have been raised satisfactorily, prior to asking the ADs who raised the original issues to verify the changes.",
  "used": true,
  "order": 2
 }
},
{
 "model": "name.doctagname",
 "pk": "w-extern",
 "fields": {
  "name": "Awaiting External Review/Resolution of Issues Raised",
  "desc": "",
  "used": true,
  "order": 2
 }
},
{
 "model": "name.doctagname",
 "pk": "w-part",
 "fields": {
  "name": "Waiting for Partner Feedback",
  "desc": "",
  "used": true,
  "order": 2
 }
},
{
 "model": "name.doctagname",
 "pk": "w-merge",
 "fields": {
  "name": "Awaiting Merge with Other Document",
  "desc": "",
  "used": true,
  "order": 3
 }
},
{
 "model": "name.doctagname",
 "pk": "w-review",
 "fields": {
  "name": "Awaiting Reviews",
  "desc": "",
  "used": true,
  "order": 3
 }
},
{
 "model": "name.doctagname",
 "pk": "extpty",
 "fields": {
  "name": "External Party",
  "desc": "The document is awaiting review or input from an external party (i.e, someone other than the shepherding AD, the authors, or the WG). See the \"note\" field for more details on who has the action.",
  "used": true,
  "order": 3
 }
},
{
 "model": "name.doctagname",
 "pk": "need-aut",
 "fields": {
  "name": "Author or Editor Needed",
  "desc": "",
  "used": true,
  "order": 4
 }
},
{
 "model": "name.doctagname",
 "pk": "sh-f-up",
 "fields": {
  "name": "Document Shepherd Followup",
  "desc": "",
  "used": true,
  "order": 4
 }
},
{
 "model": "name.doctagname",
 "pk": "need-rev",
 "fields": {
  "name": "Revised I-D Needed",
  "desc": "An updated I-D is needed to address the issues that have been raised.",
  "used": true,
  "order": 5
 }
},
{
 "model": "name.doctagname",
 "pk": "w-refdoc",
 "fields": {
  "name": "Waiting for Referenced Document",
  "desc": "",
  "used": true,
  "order": 5
 }
},
{
 "model": "name.doctagname",
 "pk": "w-refing",
 "fields": {
  "name": "Waiting for Referencing Document",
  "desc": "",
  "used": true,
  "order": 6
 }
},
{
 "model": "name.doctagname",
 "pk": "rev-wglc",
 "fields": {
  "name": "Revised I-D Needed - Issue raised by WGLC",
  "desc": "",
  "used": true,
  "order": 7
 }
},
{
 "model": "name.doctagname",
 "pk": "rev-ad",
 "fields": {
  "name": "Revised I-D Needed - Issue raised by AD",
  "desc": "",
  "used": true,
  "order": 8
 }
},
{
 "model": "name.doctagname",
 "pk": "rev-iesg",
 "fields": {
  "name": "Revised I-D Needed - Issue raised by IESG",
  "desc": "",
  "used": true,
  "order": 9
 }
},
{
 "model": "name.doctagname",
 "pk": "sheph-u",
 "fields": {
  "name": "Doc Shepherd Follow-up Underway",
  "desc": "",
  "used": true,
  "order": 10
 }
},
{
 "model": "name.doctagname",
 "pk": "other",
 "fields": {
  "name": "Other - see Comment Log",
  "desc": "",
  "used": true,
  "order": 11
 }
},
{
 "model": "name.doctypename",
 "pk": "agenda",
 "fields": {
  "name": "Agenda",
  "desc": "",
  "used": true,
  "order": 0,
  "prefix": "agenda"
 }
},
{
 "model": "name.doctypename",
 "pk": "bluesheets",
 "fields": {
  "name": "Bluesheets",
  "desc": "",
  "used": true,
  "order": 0,
  "prefix": "bluesheets"
 }
},
{
 "model": "name.doctypename",
 "pk": "charter",
 "fields": {
  "name": "Charter",
  "desc": "",
  "used": true,
  "order": 0,
  "prefix": "charter"
 }
},
{
 "model": "name.doctypename",
 "pk": "conflrev",
 "fields": {
  "name": "Conflict Review",
  "desc": "",
  "used": true,
  "order": 0,
  "prefix": "conflict-review"
 }
},
{
 "model": "name.doctypename",
 "pk": "draft",
 "fields": {
  "name": "Draft",
  "desc": "",
  "used": true,
  "order": 0,
  "prefix": "draft"
 }
},
{
 "model": "name.doctypename",
 "pk": "liaison",
 "fields": {
  "name": "Liaison",
  "desc": "",
  "used": false,
  "order": 0,
  "prefix": ""
 }
},
{
 "model": "name.doctypename",
 "pk": "liai-att",
 "fields": {
  "name": "Liaison Attachment",
  "desc": "",
  "used": true,
  "order": 0,
  "prefix": "liai-att"
 }
},
{
 "model": "name.doctypename",
 "pk": "minutes",
 "fields": {
  "name": "Minutes",
  "desc": "",
  "used": true,
  "order": 0,
  "prefix": "minutes"
 }
},
{
 "model": "name.doctypename",
 "pk": "recording",
 "fields": {
  "name": "Recording",
  "desc": "",
  "used": true,
  "order": 0,
  "prefix": "recording"
 }
},
{
 "model": "name.doctypename",
 "pk": "review",
 "fields": {
  "name": "Review",
  "desc": "",
  "used": true,
  "order": 0,
  "prefix": ""
 }
},
{
 "model": "name.doctypename",
 "pk": "shepwrit",
 "fields": {
  "name": "Shepherd's writeup",
  "desc": "",
  "used": false,
  "order": 0,
  "prefix": ""
 }
},
{
 "model": "name.doctypename",
 "pk": "slides",
 "fields": {
  "name": "Slides",
  "desc": "",
  "used": true,
  "order": 0,
  "prefix": "slides"
 }
},
{
 "model": "name.doctypename",
 "pk": "statchg",
 "fields": {
  "name": "Status Change",
  "desc": "",
  "used": true,
  "order": 0,
  "prefix": "status-change"
 }
},
{
 "model": "name.draftsubmissionstatename",
 "pk": "uploaded",
 "fields": {
  "name": "Uploaded",
  "desc": "",
  "used": true,
  "order": 1,
  "next_states": [
   "auth",
   "aut-appr",
   "grp-appr",
   "manual",
   "cancel"
  ]
 }
},
{
 "model": "name.draftsubmissionstatename",
 "pk": "auth",
 "fields": {
  "name": "Awaiting Submitter Authentication",
  "desc": "",
  "used": true,
  "order": 2,
  "next_states": [
   "cancel",
   "posted"
  ]
 }
},
{
 "model": "name.draftsubmissionstatename",
 "pk": "aut-appr",
 "fields": {
  "name": "Awaiting Approval from Previous Version Authors",
  "desc": "",
  "used": true,
  "order": 3,
  "next_states": [
   "cancel",
   "posted"
  ]
 }
},
{
 "model": "name.draftsubmissionstatename",
 "pk": "grp-appr",
 "fields": {
  "name": "Awaiting Initial Version Approval",
  "desc": "",
  "used": true,
  "order": 4,
  "next_states": [
   "cancel",
   "posted"
  ]
 }
},
{
 "model": "name.draftsubmissionstatename",
 "pk": "manual",
 "fields": {
  "name": "Awaiting Manual Post",
  "desc": "",
  "used": true,
  "order": 5,
  "next_states": [
   "cancel",
   "posted"
  ]
 }
},
{
 "model": "name.draftsubmissionstatename",
 "pk": "cancel",
 "fields": {
  "name": "Cancelled",
  "desc": "",
  "used": true,
  "order": 6,
  "next_states": []
 }
},
{
 "model": "name.draftsubmissionstatename",
 "pk": "posted",
 "fields": {
  "name": "Posted",
  "desc": "",
  "used": true,
  "order": 7,
  "next_states": []
 }
},
{
 "model": "name.draftsubmissionstatename",
 "pk": "waiting-for-draft",
 "fields": {
  "name": "Manual Post Waiting for Draft",
  "desc": "",
  "used": true,
  "order": 8,
  "next_states": [
   "cancel",
   "posted"
  ]
 }
},
{
 "model": "name.feedbacktypename",
 "pk": "comment",
 "fields": {
  "name": "Comment",
  "desc": "",
  "used": true,
  "order": 0
 }
},
{
 "model": "name.feedbacktypename",
 "pk": "junk",
 "fields": {
  "name": "Junk",
  "desc": "",
  "used": true,
  "order": 0
 }
},
{
 "model": "name.feedbacktypename",
 "pk": "nomina",
 "fields": {
  "name": "Nomination",
  "desc": "",
  "used": true,
  "order": 0
 }
},
{
 "model": "name.feedbacktypename",
 "pk": "questio",
 "fields": {
  "name": "Questionnaire response",
  "desc": "",
  "used": true,
  "order": 0
 }
},
{
 "model": "name.groupmilestonestatename",
 "pk": "active",
 "fields": {
  "name": "Active",
  "desc": "",
  "used": true,
  "order": 1
 }
},
{
 "model": "name.groupmilestonestatename",
 "pk": "deleted",
 "fields": {
  "name": "Deleted",
  "desc": "",
  "used": true,
  "order": 2
 }
},
{
 "model": "name.groupmilestonestatename",
 "pk": "review",
 "fields": {
  "name": "For review",
  "desc": "",
  "used": true,
  "order": 3
 }
},
{
 "model": "name.groupmilestonestatename",
 "pk": "charter",
 "fields": {
  "name": "Chartering/rechartering",
  "desc": "",
  "used": true,
  "order": 4
 }
},
{
 "model": "name.groupstatename",
 "pk": "abandon",
 "fields": {
  "name": "Abandonded",
  "desc": "Formation of the group (most likely a BoF or Proposed WG) was abandoned",
  "used": true,
  "order": 0
 }
},
{
 "model": "name.groupstatename",
 "pk": "active",
 "fields": {
  "name": "Active",
  "desc": "",
  "used": true,
  "order": 0
 }
},
{
 "model": "name.groupstatename",
 "pk": "bof",
 "fields": {
  "name": "BOF",
  "desc": "",
  "used": true,
  "order": 0
 }
},
{
 "model": "name.groupstatename",
 "pk": "bof-conc",
 "fields": {
  "name": "BOF Concluded",
  "desc": "",
  "used": true,
  "order": 0
 }
},
{
 "model": "name.groupstatename",
 "pk": "conclude",
 "fields": {
  "name": "Concluded",
  "desc": "",
  "used": true,
  "order": 0
 }
},
{
 "model": "name.groupstatename",
 "pk": "dormant",
 "fields": {
  "name": "Dormant",
  "desc": "",
  "used": true,
  "order": 0
 }
},
{
 "model": "name.groupstatename",
 "pk": "proposed",
 "fields": {
  "name": "Proposed",
  "desc": "",
  "used": true,
  "order": 0
 }
},
{
 "model": "name.groupstatename",
 "pk": "replaced",
 "fields": {
  "name": "Replaced",
  "desc": "Replaced by dnssd",
  "used": true,
  "order": 0
 }
},
{
 "model": "name.groupstatename",
 "pk": "unknown",
 "fields": {
  "name": "Unknown",
  "desc": "",
  "used": true,
  "order": 0
 }
},
{
 "model": "name.grouptypename",
 "pk": "ag",
 "fields": {
  "name": "AG",
  "desc": "Area group",
  "used": true,
  "order": 0,
  "verbose_name": "Area Group"
 }
},
{
 "model": "name.grouptypename",
 "pk": "area",
 "fields": {
  "name": "Area",
  "desc": "",
  "used": true,
  "order": 0,
  "verbose_name": "Area"
 }
},
{
 "model": "name.grouptypename",
 "pk": "dir",
 "fields": {
  "name": "Directorate",
  "desc": "In many areas, the Area Directors have formed an advisory group or directorate.  These comprise experienced members of the IETF and the technical community represented by the area.  The specific name and the details of the role for each group differ from area to area, but  the primary intent is that these groups assist the Area Director(s), e.g., with the review of specifications produced in the area.",
  "used": true,
  "order": 0,
  "verbose_name": "Area Directorate"
 }
},
{
 "model": "name.grouptypename",
 "pk": "iab",
 "fields": {
  "name": "IAB",
  "desc": "",
  "used": true,
  "order": 0,
  "verbose_name": "Internet Architecture Board"
 }
},
{
 "model": "name.grouptypename",
 "pk": "ietf",
 "fields": {
  "name": "IETF",
  "desc": "",
  "used": true,
  "order": 0,
  "verbose_name": "Internet Engineering Task Force"
 }
},
{
 "model": "name.grouptypename",
 "pk": "individ",
 "fields": {
  "name": "Individual",
  "desc": "",
  "used": true,
  "order": 0,
  "verbose_name": "An Individual"
 }
},
{
 "model": "name.grouptypename",
 "pk": "irtf",
 "fields": {
  "name": "IRTF",
  "desc": "",
  "used": true,
  "order": 0,
  "verbose_name": "Internet Research Task Force"
 }
},
{
 "model": "name.grouptypename",
 "pk": "isoc",
 "fields": {
  "name": "ISOC",
  "desc": "",
  "used": true,
  "order": 0,
  "verbose_name": "The Internet Society"
 }
},
{
 "model": "name.grouptypename",
 "pk": "nomcom",
 "fields": {
  "name": "Nomcom",
  "desc": "An IETF/IAB Nominating Committee.  Use 'SDO' for external nominating committees.",
  "used": true,
  "order": 0,
  "verbose_name": "IETF/IAB Nominating Committee"
 }
},
{
 "model": "name.grouptypename",
 "pk": "program",
 "fields": {
  "name": "Program",
  "desc": "Program",
  "used": true,
  "order": 0,
  "verbose_name": ""
 }
},
{
 "model": "name.grouptypename",
 "pk": "rfcedtyp",
 "fields": {
  "name": "RFC Editor",
  "desc": "",
  "used": true,
  "order": 0,
  "verbose_name": "The RFC Editor"
 }
},
{
 "model": "name.grouptypename",
 "pk": "rg",
 "fields": {
  "name": "RG",
  "desc": "Research group",
  "used": true,
  "order": 0,
  "verbose_name": "Research Group"
 }
},
{
 "model": "name.grouptypename",
 "pk": "sdo",
 "fields": {
  "name": "SDO",
  "desc": "Standards organization",
  "used": true,
  "order": 0,
  "verbose_name": "Standards Organization"
 }
},
{
 "model": "name.grouptypename",
 "pk": "team",
 "fields": {
  "name": "Team",
  "desc": "",
  "used": true,
  "order": 0,
  "verbose_name": "Team"
 }
},
{
 "model": "name.grouptypename",
 "pk": "wg",
 "fields": {
  "name": "WG",
  "desc": "Working group",
  "used": true,
  "order": 0,
  "verbose_name": "Working Group"
 }
},
{
 "model": "name.intendedstdlevelname",
 "pk": "ps",
 "fields": {
  "name": "Proposed Standard",
  "desc": "",
  "used": true,
  "order": 1
 }
},
{
 "model": "name.intendedstdlevelname",
 "pk": "ds",
 "fields": {
  "name": "Draft Standard",
  "desc": "",
  "used": false,
  "order": 2
 }
},
{
 "model": "name.intendedstdlevelname",
 "pk": "std",
 "fields": {
  "name": "Internet Standard",
  "desc": "",
  "used": true,
  "order": 3
 }
},
{
 "model": "name.intendedstdlevelname",
 "pk": "bcp",
 "fields": {
  "name": "Best Current Practice",
  "desc": "",
  "used": true,
  "order": 4
 }
},
{
 "model": "name.intendedstdlevelname",
 "pk": "inf",
 "fields": {
  "name": "Informational",
  "desc": "",
  "used": true,
  "order": 5
 }
},
{
 "model": "name.intendedstdlevelname",
 "pk": "exp",
 "fields": {
  "name": "Experimental",
  "desc": "",
  "used": true,
  "order": 6
 }
},
{
 "model": "name.intendedstdlevelname",
 "pk": "hist",
 "fields": {
  "name": "Historic",
  "desc": "",
  "used": true,
  "order": 7
 }
},
{
 "model": "name.iprdisclosurestatename",
 "pk": "pending",
 "fields": {
  "name": "Pending",
  "desc": "",
  "used": true,
  "order": 0
 }
},
{
 "model": "name.iprdisclosurestatename",
 "pk": "parked",
 "fields": {
  "name": "Parked",
  "desc": "",
  "used": true,
  "order": 1
 }
},
{
 "model": "name.iprdisclosurestatename",
 "pk": "posted",
 "fields": {
  "name": "Posted",
  "desc": "",
  "used": true,
  "order": 2
 }
},
{
 "model": "name.iprdisclosurestatename",
 "pk": "rejected",
 "fields": {
  "name": "Rejected",
  "desc": "",
  "used": true,
  "order": 3
 }
},
{
 "model": "name.iprdisclosurestatename",
 "pk": "removed",
 "fields": {
  "name": "Removed",
  "desc": "",
  "used": true,
  "order": 4
 }
},
{
 "model": "name.ipreventtypename",
 "pk": "changed_disclosure",
 "fields": {
  "name": "Changed disclosure metadata",
  "desc": "",
  "used": true,
  "order": 0
 }
},
{
 "model": "name.ipreventtypename",
 "pk": "comment",
 "fields": {
  "name": "Comment",
  "desc": "",
  "used": true,
  "order": 0
 }
},
{
 "model": "name.ipreventtypename",
 "pk": "legacy",
 "fields": {
  "name": "Legacy",
  "desc": "",
  "used": true,
  "order": 0
 }
},
{
 "model": "name.ipreventtypename",
 "pk": "msgin",
 "fields": {
  "name": "MsgIn",
  "desc": "",
  "used": true,
  "order": 0
 }
},
{
 "model": "name.ipreventtypename",
 "pk": "msgout",
 "fields": {
  "name": "MsgOut",
  "desc": "",
  "used": true,
  "order": 0
 }
},
{
 "model": "name.ipreventtypename",
 "pk": "parked",
 "fields": {
  "name": "Parked",
  "desc": "",
  "used": true,
  "order": 0
 }
},
{
 "model": "name.ipreventtypename",
 "pk": "pending",
 "fields": {
  "name": "Pending",
  "desc": "",
  "used": true,
  "order": 0
 }
},
{
 "model": "name.ipreventtypename",
 "pk": "posted",
 "fields": {
  "name": "Posted",
  "desc": "",
  "used": true,
  "order": 0
 }
},
{
 "model": "name.ipreventtypename",
 "pk": "private_comment",
 "fields": {
  "name": "Private Comment",
  "desc": "",
  "used": true,
  "order": 0
 }
},
{
 "model": "name.ipreventtypename",
 "pk": "rejected",
 "fields": {
  "name": "Rejected",
  "desc": "",
  "used": true,
  "order": 0
 }
},
{
 "model": "name.ipreventtypename",
 "pk": "removed",
 "fields": {
  "name": "Removed",
  "desc": "",
  "used": true,
  "order": 0
 }
},
{
 "model": "name.ipreventtypename",
 "pk": "submitted",
 "fields": {
  "name": "Submitted",
  "desc": "",
  "used": true,
  "order": 0
 }
},
{
 "model": "name.ipreventtypename",
 "pk": "update_notify",
 "fields": {
  "name": "Update Notify",
  "desc": "",
  "used": true,
  "order": 0
 }
},
{
 "model": "name.iprlicensetypename",
 "pk": "none-selected",
 "fields": {
  "name": "None Selected",
  "desc": "[None selected]",
  "used": true,
  "order": 0
 }
},
{
 "model": "name.iprlicensetypename",
 "pk": "no-license",
 "fields": {
  "name": "No License",
  "desc": "a) No License Required for Implementers",
  "used": true,
  "order": 1
 }
},
{
 "model": "name.iprlicensetypename",
 "pk": "royalty-free",
 "fields": {
  "name": "Royalty Free",
  "desc": "b) Royalty-Free, Reasonable and Non-Discriminatory License to All Implementers",
  "used": true,
  "order": 2
 }
},
{
 "model": "name.iprlicensetypename",
 "pk": "reasonable",
 "fields": {
  "name": "Reasonable",
  "desc": "c) Reasonable and Non-Discriminatory License to All Implementers with Possible Royalty/Fee",
  "used": true,
  "order": 3
 }
},
{
 "model": "name.iprlicensetypename",
 "pk": "provided-later",
 "fields": {
  "name": "Provided Later",
  "desc": "d) Licensing Declaration to be Provided Later (implies a willingness to commit to the provisions of a), b), or c) above to all implementers; otherwise, the next option 'Unwilling to Commit to the Provisions of a), b), or c) Above'. - must be selected)",
  "used": true,
  "order": 4
 }
},
{
 "model": "name.iprlicensetypename",
 "pk": "unwilling-to-commit",
 "fields": {
  "name": "Unwilling to Commit",
  "desc": "e) Unwilling to Commit to the Provisions of a), b), or c) Above",
  "used": true,
  "order": 5
 }
},
{
 "model": "name.iprlicensetypename",
 "pk": "see-below",
 "fields": {
  "name": "See Below",
  "desc": "f) See Text Below for Licensing Declaration",
  "used": true,
  "order": 6
 }
},
{
 "model": "name.liaisonstatementeventtypename",
 "pk": "submitted",
 "fields": {
  "name": "Submitted",
  "desc": "",
  "used": true,
  "order": 1
 }
},
{
 "model": "name.liaisonstatementeventtypename",
 "pk": "modified",
 "fields": {
  "name": "Modified",
  "desc": "",
  "used": true,
  "order": 2
 }
},
{
 "model": "name.liaisonstatementeventtypename",
 "pk": "approved",
 "fields": {
  "name": "Approved",
  "desc": "",
  "used": true,
  "order": 3
 }
},
{
 "model": "name.liaisonstatementeventtypename",
 "pk": "posted",
 "fields": {
  "name": "Posted",
  "desc": "",
  "used": true,
  "order": 4
 }
},
{
 "model": "name.liaisonstatementeventtypename",
 "pk": "killed",
 "fields": {
  "name": "Killed",
  "desc": "",
  "used": true,
  "order": 5
 }
},
{
 "model": "name.liaisonstatementeventtypename",
 "pk": "resurrected",
 "fields": {
  "name": "Resurrected",
  "desc": "",
  "used": true,
  "order": 6
 }
},
{
 "model": "name.liaisonstatementeventtypename",
 "pk": "msgin",
 "fields": {
  "name": "MsgIn",
  "desc": "",
  "used": true,
  "order": 7
 }
},
{
 "model": "name.liaisonstatementeventtypename",
 "pk": "msgout",
 "fields": {
  "name": "MsgOut",
  "desc": "",
  "used": true,
  "order": 8
 }
},
{
 "model": "name.liaisonstatementeventtypename",
 "pk": "comment",
 "fields": {
  "name": "Comment",
  "desc": "",
  "used": true,
  "order": 9
 }
},
{
 "model": "name.liaisonstatementeventtypename",
 "pk": "private_comment",
 "fields": {
  "name": "Private Comment",
  "desc": "",
  "used": true,
  "order": 10
 }
},
{
 "model": "name.liaisonstatementeventtypename",
 "pk": "resent",
 "fields": {
  "name": "Re-sent",
  "desc": "",
  "used": true,
  "order": 11
 }
},
{
 "model": "name.liaisonstatementpurposename",
 "pk": "action",
 "fields": {
  "name": "For action",
  "desc": "",
  "used": true,
  "order": 1
 }
},
{
 "model": "name.liaisonstatementpurposename",
 "pk": "comment",
 "fields": {
  "name": "For comment",
  "desc": "",
  "used": true,
  "order": 2
 }
},
{
 "model": "name.liaisonstatementpurposename",
 "pk": "info",
 "fields": {
  "name": "For information",
  "desc": "",
  "used": true,
  "order": 3
 }
},
{
 "model": "name.liaisonstatementpurposename",
 "pk": "response",
 "fields": {
  "name": "In response",
  "desc": "",
  "used": true,
  "order": 4
 }
},
{
 "model": "name.liaisonstatementstate",
 "pk": "pending",
 "fields": {
  "name": "Pending",
  "desc": "",
  "used": true,
  "order": 1
 }
},
{
 "model": "name.liaisonstatementstate",
 "pk": "approved",
 "fields": {
  "name": "Approved",
  "desc": "",
  "used": true,
  "order": 2
 }
},
{
 "model": "name.liaisonstatementstate",
 "pk": "posted",
 "fields": {
  "name": "Posted",
  "desc": "",
  "used": true,
  "order": 3
 }
},
{
 "model": "name.liaisonstatementstate",
 "pk": "dead",
 "fields": {
  "name": "Dead",
  "desc": "",
  "used": true,
  "order": 4
 }
},
{
 "model": "name.liaisonstatementtagname",
 "pk": "required",
 "fields": {
  "name": "Action Required",
  "desc": "",
  "used": true,
  "order": 1
 }
},
{
 "model": "name.liaisonstatementtagname",
 "pk": "taken",
 "fields": {
  "name": "Action Taken",
  "desc": "",
  "used": true,
  "order": 2
 }
},
{
 "model": "name.meetingtypename",
 "pk": "ietf",
 "fields": {
  "name": "IETF",
  "desc": "",
  "used": true,
  "order": 0
 }
},
{
 "model": "name.meetingtypename",
 "pk": "interim",
 "fields": {
  "name": "Interim",
  "desc": "",
  "used": true,
  "order": 0
 }
},
{
 "model": "name.nomineepositionstatename",
 "pk": "accepted",
 "fields": {
  "name": "Accepted",
  "desc": "",
  "used": true,
  "order": 0
 }
},
{
 "model": "name.nomineepositionstatename",
 "pk": "declined",
 "fields": {
  "name": "Declined",
  "desc": "",
  "used": true,
  "order": 0
 }
},
{
 "model": "name.nomineepositionstatename",
 "pk": "pending",
 "fields": {
  "name": "Nominated, pending response",
  "desc": "",
  "used": true,
  "order": 0
 }
},
{
 "model": "name.reviewrequeststatename",
 "pk": "requested",
 "fields": {
  "name": "Requested",
  "desc": "",
  "used": true,
  "order": 1
 }
},
{
 "model": "name.reviewrequeststatename",
 "pk": "accepted",
 "fields": {
  "name": "Accepted",
  "desc": "",
  "used": true,
  "order": 2
 }
},
{
 "model": "name.reviewrequeststatename",
 "pk": "rejected",
 "fields": {
  "name": "Rejected",
  "desc": "",
  "used": true,
  "order": 3
 }
},
{
 "model": "name.reviewrequeststatename",
 "pk": "withdrawn",
 "fields": {
  "name": "Withdrawn",
  "desc": "",
  "used": true,
  "order": 4
 }
},
{
 "model": "name.reviewrequeststatename",
 "pk": "overtaken",
 "fields": {
  "name": "Overtaken by Events",
  "desc": "",
  "used": true,
  "order": 5
 }
},
{
 "model": "name.reviewrequeststatename",
 "pk": "no-response",
 "fields": {
  "name": "No Response",
  "desc": "",
  "used": true,
  "order": 6
 }
},
{
 "model": "name.reviewrequeststatename",
 "pk": "no-review-version",
 "fields": {
  "name": "Team Will not Review Version",
  "desc": "",
  "used": true,
  "order": 7
 }
},
{
 "model": "name.reviewrequeststatename",
 "pk": "no-review-document",
 "fields": {
  "name": "Team Will not Review Document",
  "desc": "",
  "used": true,
  "order": 8
 }
},
{
 "model": "name.reviewrequeststatename",
 "pk": "part-completed",
 "fields": {
  "name": "Partially Completed",
  "desc": "",
  "used": true,
  "order": 9
 }
},
{
 "model": "name.reviewrequeststatename",
 "pk": "completed",
 "fields": {
  "name": "Completed",
  "desc": "",
  "used": true,
  "order": 10
 }
},
{
 "model": "name.reviewrequeststatename",
 "pk": "unknown",
 "fields": {
  "name": "Unknown",
  "desc": "",
  "used": false,
  "order": 20
 }
},
{
 "model": "name.reviewresultname",
 "pk": "serious-issues",
 "fields": {
  "name": "Serious Issues",
  "desc": "",
  "used": true,
  "order": 1
 }
},
{
 "model": "name.reviewresultname",
 "pk": "issues",
 "fields": {
  "name": "Has Issues",
  "desc": "",
  "used": true,
  "order": 2
 }
},
{
 "model": "name.reviewresultname",
 "pk": "nits",
 "fields": {
  "name": "Has Nits",
  "desc": "",
  "used": true,
  "order": 3
 }
},
{
 "model": "name.reviewresultname",
 "pk": "not-ready",
 "fields": {
  "name": "Not Ready",
  "desc": "",
  "used": true,
  "order": 4
 }
},
{
 "model": "name.reviewresultname",
 "pk": "right-track",
 "fields": {
  "name": "On the Right Track",
  "desc": "",
  "used": true,
  "order": 5
 }
},
{
 "model": "name.reviewresultname",
 "pk": "almost-ready",
 "fields": {
  "name": "Almost Ready",
  "desc": "",
  "used": true,
  "order": 6
 }
},
{
 "model": "name.reviewresultname",
 "pk": "ready-issues",
 "fields": {
  "name": "Ready with Issues",
  "desc": "",
  "used": true,
  "order": 7
 }
},
{
 "model": "name.reviewresultname",
 "pk": "ready-nits",
 "fields": {
  "name": "Ready with Nits",
  "desc": "",
  "used": true,
  "order": 8
 }
},
{
 "model": "name.reviewresultname",
 "pk": "ready",
 "fields": {
  "name": "Ready",
  "desc": "",
  "used": true,
  "order": 9
 }
},
{
 "model": "name.reviewtypename",
 "pk": "early",
 "fields": {
  "name": "Early",
  "desc": "",
  "used": true,
  "order": 1
 }
},
{
 "model": "name.reviewtypename",
 "pk": "lc",
 "fields": {
  "name": "Last Call",
  "desc": "",
  "used": true,
  "order": 2
 }
},
{
 "model": "name.reviewtypename",
 "pk": "telechat",
 "fields": {
  "name": "Telechat",
  "desc": "",
  "used": true,
  "order": 3
 }
},
{
 "model": "name.rolename",
 "pk": "ceo",
 "fields": {
  "name": "CEO",
  "desc": "",
  "used": true,
  "order": 0
 }
},
{
 "model": "name.rolename",
 "pk": "coord",
 "fields": {
  "name": "Co-ordinator",
  "desc": "",
  "used": true,
  "order": 0
 }
},
{
 "model": "name.rolename",
 "pk": "lead",
 "fields": {
  "name": "Lead",
  "desc": "Lead member (such as the Lead of an IAB program)",
  "used": true,
  "order": 0
 }
},
{
 "model": "name.rolename",
 "pk": "trac-admin",
 "fields": {
  "name": "Trac Admin",
  "desc": "Assigned permission TRAC_ADMIN in datatracker-managed Trac Wiki instances",
  "used": true,
  "order": 0
 }
},
{
 "model": "name.rolename",
 "pk": "chair",
 "fields": {
  "name": "Chair",
  "desc": "",
  "used": true,
  "order": 1
 }
},
{
 "model": "name.rolename",
 "pk": "ad",
 "fields": {
  "name": "Area Director",
  "desc": "",
  "used": true,
  "order": 2
 }
},
{
 "model": "name.rolename",
 "pk": "execdir",
 "fields": {
  "name": "Executive Director",
  "desc": "",
  "used": true,
  "order": 2
 }
},
{
 "model": "name.rolename",
 "pk": "admdir",
 "fields": {
  "name": "Administrative Director",
  "desc": "",
  "used": true,
  "order": 3
 }
},
{
 "model": "name.rolename",
 "pk": "pre-ad",
 "fields": {
  "name": "Incoming Area Director",
  "desc": "",
  "used": true,
  "order": 3
 }
},
{
 "model": "name.rolename",
 "pk": "advisor",
 "fields": {
  "name": "Advisor",
  "desc": "Advisor in a group that has explicit membership, such as the NomCom",
  "used": true,
  "order": 4
 }
},
{
 "model": "name.rolename",
 "pk": "liaiman",
 "fields": {
  "name": "Liaison Manager",
  "desc": "",
  "used": true,
  "order": 4
 }
},
{
 "model": "name.rolename",
 "pk": "techadv",
 "fields": {
  "name": "Tech Advisor",
  "desc": "",
  "used": true,
  "order": 4
 }
},
{
 "model": "name.rolename",
 "pk": "auth",
 "fields": {
  "name": "Authorized Individual",
  "desc": "",
  "used": true,
  "order": 5
 }
},
{
 "model": "name.rolename",
 "pk": "editor",
 "fields": {
  "name": "Editor",
  "desc": "",
  "used": true,
  "order": 5
 }
},
{
 "model": "name.rolename",
 "pk": "delegate",
 "fields": {
  "name": "Delegate",
  "desc": "",
  "used": true,
  "order": 6
 }
},
{
 "model": "name.rolename",
 "pk": "secr",
 "fields": {
  "name": "Secretary",
  "desc": "",
  "used": true,
  "order": 6
 }
},
{
 "model": "name.rolename",
 "pk": "member",
 "fields": {
  "name": "Member",
  "desc": "Regular group member in a group that has explicit membership, such as the NomCom",
  "used": true,
  "order": 7
 }
},
{
 "model": "name.rolename",
 "pk": "atlarge",
 "fields": {
  "name": "At Large Member",
  "desc": "",
  "used": true,
  "order": 10
 }
},
{
 "model": "name.rolename",
 "pk": "liaison",
 "fields": {
  "name": "Liaison Member",
  "desc": "Liaison group member in a group that has explicit membership, such as the NomCom",
  "used": true,
  "order": 11
 }
},
{
 "model": "name.rolename",
 "pk": "announce",
 "fields": {
  "name": "List Announcer",
  "desc": "Authorised to send announcements to the ietf-announce and other lists",
  "used": true,
  "order": 12
 }
},
{
 "model": "name.rolename",
 "pk": "matman",
 "fields": {
  "name": "Materials Manager",
  "desc": "",
  "used": true,
  "order": 13
 }
},
{
 "model": "name.rolename",
 "pk": "reviewer",
 "fields": {
  "name": "Reviewer",
  "desc": "",
  "used": true,
  "order": 14
 }
},
{
 "model": "name.roomresourcename",
 "pk": "audiostream",
 "fields": {
  "name": "Audio Stream",
  "desc": "Audio streaming support",
  "used": true,
  "order": 0
 }
},
{
 "model": "name.roomresourcename",
 "pk": "boardroom",
 "fields": {
  "name": "Boardroom Layout",
  "desc": "Experimental room setup (boardroom and classroom) subject to availability",
  "used": false,
  "order": 0
 }
},
{
 "model": "name.roomresourcename",
 "pk": "u-shape",
 "fields": {
  "name": "Experimental Room Setup (U-Shape and classroom)",
  "desc": "Experimental Room Setup (U-Shape and classroom, subject to availability)",
  "used": true,
  "order": 0
 }
},
{
 "model": "name.roomresourcename",
 "pk": "flipcharts",
 "fields": {
  "name": "Flipcharts",
  "desc": "Flipchars",
  "used": true,
  "order": 0
 }
},
{
 "model": "name.roomresourcename",
 "pk": "project",
 "fields": {
  "name": "LCD projector",
  "desc": "The room will have a computer projector",
  "used": false,
  "order": 0
 }
},
{
 "model": "name.roomresourcename",
 "pk": "meetecho",
 "fields": {
  "name": "Meetecho Support",
  "desc": "The room will have a meetecho wrangler",
  "used": false,
  "order": 0
 }
},
{
 "model": "name.roomresourcename",
 "pk": "proj2",
 "fields": {
  "name": "second LCD projector",
  "desc": "The room will have a second computer projector",
  "used": false,
  "order": 0
 }
},
{
 "model": "name.sessionstatusname",
 "pk": "appr",
 "fields": {
  "name": "Approved",
  "desc": "",
  "used": true,
  "order": 0
 }
},
{
 "model": "name.sessionstatusname",
 "pk": "canceled",
 "fields": {
  "name": "Cancelled",
  "desc": "",
  "used": true,
  "order": 0
 }
},
{
 "model": "name.sessionstatusname",
 "pk": "canceledpa",
 "fields": {
  "name": "Cancelled - Pre Announcement",
  "desc": "",
  "used": true,
  "order": 0
 }
},
{
 "model": "name.sessionstatusname",
 "pk": "deleted",
 "fields": {
  "name": "Deleted",
  "desc": "",
  "used": true,
  "order": 0
 }
},
{
 "model": "name.sessionstatusname",
 "pk": "disappr",
 "fields": {
  "name": "Disapproved",
  "desc": "",
  "used": true,
  "order": 0
 }
},
{
 "model": "name.sessionstatusname",
 "pk": "notmeet",
 "fields": {
  "name": "Not meeting",
  "desc": "",
  "used": true,
  "order": 0
 }
},
{
 "model": "name.sessionstatusname",
 "pk": "sched",
 "fields": {
  "name": "Scheduled",
  "desc": "",
  "used": true,
  "order": 0
 }
},
{
 "model": "name.sessionstatusname",
 "pk": "scheda",
 "fields": {
  "name": "Scheduled - Announcement to be sent",
  "desc": "",
  "used": true,
  "order": 0
 }
},
{
 "model": "name.sessionstatusname",
 "pk": "apprw",
 "fields": {
  "name": "Waiting for Approval",
  "desc": "",
  "used": true,
  "order": 0
 }
},
{
 "model": "name.sessionstatusname",
 "pk": "schedw",
 "fields": {
  "name": "Waiting for Scheduling",
  "desc": "",
  "used": true,
  "order": 0
 }
},
{
 "model": "name.stdlevelname",
 "pk": "bcp",
 "fields": {
  "name": "Best Current Practice",
  "desc": "",
  "used": true,
  "order": 0
 }
},
{
 "model": "name.stdlevelname",
 "pk": "ds",
 "fields": {
  "name": "Draft Standard",
  "desc": "",
  "used": false,
  "order": 0
 }
},
{
 "model": "name.stdlevelname",
 "pk": "exp",
 "fields": {
  "name": "Experimental",
  "desc": "",
  "used": true,
  "order": 0
 }
},
{
 "model": "name.stdlevelname",
 "pk": "hist",
 "fields": {
  "name": "Historic",
  "desc": "",
  "used": true,
  "order": 0
 }
},
{
 "model": "name.stdlevelname",
 "pk": "inf",
 "fields": {
  "name": "Informational",
  "desc": "",
  "used": true,
  "order": 0
 }
},
{
 "model": "name.stdlevelname",
 "pk": "std",
 "fields": {
  "name": "Internet Standard",
  "desc": "",
  "used": true,
  "order": 0
 }
},
{
 "model": "name.stdlevelname",
 "pk": "ps",
 "fields": {
  "name": "Proposed Standard",
  "desc": "",
  "used": true,
  "order": 0
 }
},
{
 "model": "name.stdlevelname",
 "pk": "unkn",
 "fields": {
  "name": "Unknown",
  "desc": "",
  "used": true,
  "order": 0
 }
},
{
 "model": "name.streamname",
 "pk": "ietf",
 "fields": {
  "name": "IETF",
  "desc": "IETF stream",
  "used": true,
  "order": 1
 }
},
{
 "model": "name.streamname",
 "pk": "ise",
 "fields": {
  "name": "ISE",
  "desc": "Independent Submission Editor stream",
  "used": true,
  "order": 2
 }
},
{
 "model": "name.streamname",
 "pk": "irtf",
 "fields": {
  "name": "IRTF",
  "desc": "IRTF Stream",
  "used": true,
  "order": 3
 }
},
{
 "model": "name.streamname",
 "pk": "iab",
 "fields": {
  "name": "IAB",
  "desc": "IAB stream",
  "used": true,
  "order": 4
 }
},
{
 "model": "name.streamname",
 "pk": "legacy",
 "fields": {
  "name": "Legacy",
  "desc": "Legacy stream",
  "used": true,
  "order": 5
 }
},
{
 "model": "name.timeslottypename",
 "pk": "break",
 "fields": {
  "name": "Break",
  "desc": "",
  "used": true,
  "order": 0
 }
},
{
 "model": "name.timeslottypename",
 "pk": "lead",
 "fields": {
  "name": "Leadership",
  "desc": "Leadership Meetings",
  "used": true,
  "order": 0
 }
},
{
 "model": "name.timeslottypename",
 "pk": "offagenda",
 "fields": {
  "name": "Off Agenda",
  "desc": "Other Meetings Not Published on Agenda",
  "used": true,
  "order": 0
 }
},
{
 "model": "name.timeslottypename",
 "pk": "other",
 "fields": {
  "name": "Other",
  "desc": "",
  "used": true,
  "order": 0
 }
},
{
 "model": "name.timeslottypename",
 "pk": "plenary",
 "fields": {
  "name": "Plenary",
  "desc": "",
  "used": true,
  "order": 0
 }
},
{
 "model": "name.timeslottypename",
 "pk": "reg",
 "fields": {
  "name": "Registration",
  "desc": "",
  "used": true,
  "order": 0
 }
},
{
 "model": "name.timeslottypename",
 "pk": "reserved",
 "fields": {
  "name": "Room Reserved",
  "desc": "A room has been reserved for use by another body the timeslot indicated",
  "used": true,
  "order": 0
 }
},
{
 "model": "name.timeslottypename",
 "pk": "unavail",
 "fields": {
  "name": "Room Unavailable",
  "desc": "A room was not booked for the timeslot indicated",
  "used": true,
  "order": 0
 }
},
{
 "model": "name.timeslottypename",
 "pk": "session",
 "fields": {
  "name": "Session",
  "desc": "",
  "used": true,
  "order": 0
 }
},
{
 "model": "name.topicaudiencename",
 "pk": "general",
 "fields": {
  "name": "General",
  "desc": "Anyone who can log in",
  "used": true,
  "order": 0
 }
},
{
 "model": "name.topicaudiencename",
 "pk": "nomcom",
 "fields": {
  "name": "Nomcom Members",
  "desc": "Members of this nomcom",
  "used": true,
  "order": 0
 }
},
{
 "model": "name.topicaudiencename",
 "pk": "nominees",
 "fields": {
  "name": "Nominees",
  "desc": "Anyone who has accepted a Nomination for an open position",
  "used": true,
  "order": 0
 }
},
{
 "model": "doc.statetype",
 "pk": "draft",
 "fields": {
  "label": "State"
 }
},
{
 "model": "doc.statetype",
 "pk": "draft-iesg",
 "fields": {
  "label": "IESG state"
 }
},
{
 "model": "doc.statetype",
 "pk": "draft-iana",
 "fields": {
  "label": "IANA state"
 }
},
{
 "model": "doc.statetype",
 "pk": "draft-rfceditor",
 "fields": {
  "label": "RFC Editor state"
 }
},
{
 "model": "doc.statetype",
 "pk": "draft-stream-ietf",
 "fields": {
  "label": "IETF WG state"
 }
},
{
 "model": "doc.statetype",
 "pk": "draft-stream-irtf",
 "fields": {
  "label": "IRTF state"
 }
},
{
 "model": "doc.statetype",
 "pk": "draft-stream-ise",
 "fields": {
  "label": "ISE state"
 }
},
{
 "model": "doc.statetype",
 "pk": "draft-stream-iab",
 "fields": {
  "label": "IAB state"
 }
},
{
 "model": "doc.statetype",
 "pk": "slides",
 "fields": {
  "label": "State"
 }
},
{
 "model": "doc.statetype",
 "pk": "minutes",
 "fields": {
  "label": "State"
 }
},
{
 "model": "doc.statetype",
 "pk": "agenda",
 "fields": {
  "label": "State"
 }
},
{
 "model": "doc.statetype",
 "pk": "liai-att",
 "fields": {
  "label": "State"
 }
},
{
 "model": "doc.statetype",
 "pk": "charter",
 "fields": {
  "label": "State"
 }
},
{
 "model": "doc.statetype",
 "pk": "conflrev",
 "fields": {
  "label": "Conflict Review State"
 }
},
{
 "model": "doc.statetype",
 "pk": "draft-iana-action",
 "fields": {
  "label": "IANA Action state"
 }
},
{
 "model": "doc.statetype",
 "pk": "draft-iana-review",
 "fields": {
  "label": "IANA Review state"
 }
},
{
 "model": "doc.statetype",
 "pk": "statchg",
 "fields": {
  "label": "RFC Status Change state"
 }
},
{
 "model": "doc.statetype",
 "pk": "recording",
 "fields": {
  "label": "State"
 }
},
{
 "model": "doc.statetype",
 "pk": "bluesheets",
 "fields": {
  "label": "State"
 }
},
{
 "model": "doc.statetype",
 "pk": "reuse_policy",
 "fields": {
  "label": "Policy"
 }
},
{
 "model": "doc.statetype",
 "pk": "review",
 "fields": {
  "label": "Review"
 }
},
{
 "model": "doc.statetype",
 "pk": "liaison",
 "fields": {
  "label": "Liason Statement State"
 }
},
{
 "model": "doc.statetype",
 "pk": "shepwrit",
 "fields": {
  "label": "Shepherd's Writeup State"
 }
},
{
 "model": "doc.state",
 "pk": 81,
 "fields": {
  "type": "agenda",
  "slug": "active",
  "name": "Active",
  "used": true,
  "desc": "",
  "order": 1,
  "next_states": []
 }
},
{
 "model": "doc.state",
 "pk": 82,
 "fields": {
  "type": "agenda",
  "slug": "deleted",
  "name": "Deleted",
  "used": true,
  "desc": "",
  "order": 2,
  "next_states": []
 }
},
{
 "model": "doc.state",
 "pk": 139,
 "fields": {
  "type": "bluesheets",
  "slug": "active",
  "name": "Active",
  "used": true,
  "desc": "",
  "order": 0,
  "next_states": []
 }
},
{
 "model": "doc.state",
 "pk": 140,
 "fields": {
  "type": "bluesheets",
  "slug": "deleted",
  "name": "Deleted",
  "used": true,
  "desc": "",
  "order": 0,
  "next_states": []
 }
},
{
 "model": "doc.state",
 "pk": 83,
 "fields": {
  "type": "charter",
  "slug": "notrev",
  "name": "Not currently under review",
  "used": true,
  "desc": "The proposed charter is not being considered at this time. A proposed charter will remain in this state until an AD moves it to Informal IESG review.",
  "order": 0,
  "next_states": []
 }
},
{
 "model": "doc.state",
 "pk": 84,
 "fields": {
  "type": "charter",
  "slug": "infrev",
  "name": "Informal IESG review",
  "used": true,
  "desc": "This is the initial state when an AD proposes a new charter. The normal next state is Internal review if the idea is accepted, or Not currently under review if the idea is abandoned.",
  "order": 0,
  "next_states": []
 }
},
{
 "model": "doc.state",
 "pk": 85,
 "fields": {
  "type": "charter",
  "slug": "intrev",
  "name": "Internal review",
  "used": true,
  "desc": "The IESG and IAB are reviewing the early draft of the charter; this is the initial IESG and IAB review. The usual next state is External review if the idea is adopted, or Informal IESG review if the IESG decides the idea needs more work, or Not currently under review is the idea is abandoned",
  "order": 0,
  "next_states": []
 }
},
{
 "model": "doc.state",
 "pk": 86,
 "fields": {
  "type": "charter",
  "slug": "extrev",
  "name": "External review",
  "used": true,
  "desc": "The IETF community and possibly other standards development organizations (SDOs) are reviewing the proposed charter. The usual next state is IESG review, although it might move to Not currently under review is the idea is abandoned during the external review.",
  "order": 0,
  "next_states": []
 }
},
{
 "model": "doc.state",
 "pk": 87,
 "fields": {
  "type": "charter",
  "slug": "iesgrev",
  "name": "IESG review",
  "used": true,
  "desc": "The IESG is reviewing the discussion from the external review of the proposed charter. The usual next state is Approved, or Not currently under review if the idea is abandoned.",
  "order": 0,
  "next_states": []
 }
},
{
 "model": "doc.state",
 "pk": 88,
 "fields": {
  "type": "charter",
  "slug": "approved",
  "name": "Approved",
  "used": true,
  "desc": "The charter is approved by the IESG.",
  "order": 0,
  "next_states": []
 }
},
{
 "model": "doc.state",
 "pk": 90,
 "fields": {
  "type": "conflrev",
  "slug": "needshep",
  "name": "Needs Shepherd",
  "used": true,
  "desc": "A conflict review has been requested, but a shepherding AD has not yet been assigned",
  "order": 1,
  "next_states": [
   91,
   98,
   99
  ]
 }
},
{
 "model": "doc.state",
 "pk": 91,
 "fields": {
  "type": "conflrev",
  "slug": "adrev",
  "name": "AD Review",
  "used": true,
  "desc": "The sponsoring AD is reviewing the document and preparing a proposed response",
  "order": 2,
  "next_states": [
   92,
   98,
   99
  ]
 }
},
{
 "model": "doc.state",
 "pk": 92,
 "fields": {
  "type": "conflrev",
  "slug": "iesgeval",
  "name": "IESG Evaluation",
  "used": true,
  "desc": "The IESG is considering the proposed conflict review response",
  "order": 3,
  "next_states": [
   93,
   94,
   95,
   98,
   99
  ]
 }
},
{
 "model": "doc.state",
 "pk": 93,
 "fields": {
  "type": "conflrev",
  "slug": "defer",
  "name": "IESG Evaluation - Defer",
  "used": true,
  "desc": "The evaluation of the proposed conflict review response has been deferred to the next telechat",
  "order": 4,
  "next_states": [
   92,
   94,
   95,
   98,
   99
  ]
 }
},
{
 "model": "doc.state",
 "pk": 100,
 "fields": {
  "type": "conflrev",
  "slug": "appr-reqnopub-pr",
  "name": "Approved Request to Not Publish - point raised",
  "used": true,
  "desc": "The IESG has approved the conflict review response (a request to not publish), but a point has been raised that should be cleared before moving to announcement to be sent",
  "order": 5,
  "next_states": [
   94
  ]
 }
},
{
 "model": "doc.state",
 "pk": 101,
 "fields": {
  "type": "conflrev",
  "slug": "appr-noprob-pr",
  "name": "Approved No Problem - point raised",
  "used": true,
  "desc": "The IESG has approved the conflict review response, but a point has been raised that should be cleared before proceeding to announcement to be sent",
  "order": 6,
  "next_states": [
   95
  ]
 }
},
{
 "model": "doc.state",
 "pk": 94,
 "fields": {
  "type": "conflrev",
  "slug": "appr-reqnopub-pend",
  "name": "Approved Request to Not Publish - announcement to be sent",
  "used": true,
  "desc": "The IESG has approved the conflict review response (a request to not publish), but the secretariat has not yet sent the response",
  "order": 7,
  "next_states": [
   96,
   98
  ]
 }
},
{
 "model": "doc.state",
 "pk": 95,
 "fields": {
  "type": "conflrev",
  "slug": "appr-noprob-pend",
  "name": "Approved No Problem - announcement to be sent",
  "used": true,
  "desc": "The IESG has approved the conflict review response, but the secretariat has not yet sent the response",
  "order": 8,
  "next_states": [
   97,
   98
  ]
 }
},
{
 "model": "doc.state",
 "pk": 96,
 "fields": {
  "type": "conflrev",
  "slug": "appr-reqnopub-sent",
  "name": "Approved Request to Not Publish - announcement sent",
  "used": true,
  "desc": "The secretariat has delivered the IESG's approved conflict review response (a request to not publish) to the requester",
  "order": 9,
  "next_states": [
   96
  ]
 }
},
{
 "model": "doc.state",
 "pk": 97,
 "fields": {
  "type": "conflrev",
  "slug": "appr-noprob-sent",
  "name": "Approved No Problem - announcement sent",
  "used": true,
  "desc": "The secretariat has delivered the IESG's approved conflict review response to the requester",
  "order": 10,
  "next_states": [
   97
  ]
 }
},
{
 "model": "doc.state",
 "pk": 98,
 "fields": {
  "type": "conflrev",
  "slug": "withdraw",
  "name": "Withdrawn",
  "used": true,
  "desc": "The request for conflict review was withdrawn",
  "order": 11,
  "next_states": [
   90
  ]
 }
},
{
 "model": "doc.state",
 "pk": 99,
 "fields": {
  "type": "conflrev",
  "slug": "dead",
  "name": "Dead",
  "used": true,
  "desc": "The conflict review has been abandoned",
  "order": 12,
  "next_states": [
   90
  ]
 }
},
{
 "model": "doc.state",
 "pk": 1,
 "fields": {
  "type": "draft",
  "slug": "active",
  "name": "Active",
  "used": true,
  "desc": "",
  "order": 1,
  "next_states": []
 }
},
{
 "model": "doc.state",
 "pk": 2,
 "fields": {
  "type": "draft",
  "slug": "expired",
  "name": "Expired",
  "used": true,
  "desc": "",
  "order": 2,
  "next_states": []
 }
},
{
 "model": "doc.state",
 "pk": 3,
 "fields": {
  "type": "draft",
  "slug": "rfc",
  "name": "RFC",
  "used": true,
  "desc": "",
  "order": 3,
  "next_states": []
 }
},
{
 "model": "doc.state",
 "pk": 4,
 "fields": {
  "type": "draft",
  "slug": "repl",
  "name": "Replaced",
  "used": true,
  "desc": "",
  "order": 4,
  "next_states": []
 }
},
{
 "model": "doc.state",
 "pk": 5,
 "fields": {
  "type": "draft",
  "slug": "auth-rm",
  "name": "Withdrawn by Submitter",
  "used": true,
  "desc": "",
  "order": 5,
  "next_states": []
 }
},
{
 "model": "doc.state",
 "pk": 6,
 "fields": {
  "type": "draft",
  "slug": "ietf-rm",
  "name": "Withdrawn by IETF",
  "used": true,
  "desc": "",
  "order": 6,
  "next_states": []
 }
},
{
 "model": "doc.state",
 "pk": 102,
 "fields": {
  "type": "draft-iana-action",
  "slug": "newdoc",
  "name": "New Document",
  "used": true,
  "desc": "A new document has been received by IANA, but no actions have been taken",
  "order": 1,
  "next_states": []
 }
},
{
 "model": "doc.state",
 "pk": 103,
 "fields": {
  "type": "draft-iana-action",
  "slug": "inprog",
  "name": "In Progress",
  "used": true,
  "desc": "IANA is currently processing the actions for this document",
  "order": 2,
  "next_states": []
 }
},
{
 "model": "doc.state",
 "pk": 104,
 "fields": {
  "type": "draft-iana-action",
  "slug": "waitauth",
  "name": "Waiting on Authors",
  "used": true,
  "desc": "IANA is waiting on the document's authors to respond",
  "order": 3,
  "next_states": []
 }
},
{
 "model": "doc.state",
 "pk": 105,
 "fields": {
  "type": "draft-iana-action",
  "slug": "waitad",
  "name": "Waiting on ADs",
  "used": true,
  "desc": "IANA is waiting on the IETF Area Directors to respond",
  "order": 4,
  "next_states": []
 }
},
{
 "model": "doc.state",
 "pk": 106,
 "fields": {
  "type": "draft-iana-action",
  "slug": "waitwgc",
  "name": "Waiting on WGC",
  "used": true,
  "desc": "IANA is waiting on the IETF Working Group Chairs to respond",
  "order": 5,
  "next_states": []
 }
},
{
 "model": "doc.state",
 "pk": 107,
 "fields": {
  "type": "draft-iana-action",
  "slug": "waitrfc",
  "name": "Waiting on RFC Editor",
  "used": true,
  "desc": "IANA has notified the RFC Editor that the actions have been completed",
  "order": 6,
  "next_states": []
 }
},
{
 "model": "doc.state",
 "pk": 108,
 "fields": {
  "type": "draft-iana-action",
  "slug": "rfcedack",
  "name": "RFC-Ed-Ack",
  "used": true,
  "desc": "Request completed. The RFC Editor has acknowledged receipt of IANA's message that the actions have been completed",
  "order": 7,
  "next_states": []
 }
},
{
 "model": "doc.state",
 "pk": 109,
 "fields": {
  "type": "draft-iana-action",
  "slug": "onhold",
  "name": "On Hold",
  "used": true,
  "desc": "IANA has suspended work on the document",
  "order": 8,
  "next_states": []
 }
},
{
 "model": "doc.state",
 "pk": 110,
 "fields": {
  "type": "draft-iana-action",
  "slug": "noic",
  "name": "No IC",
  "used": true,
  "desc": "Request completed. There were no IANA actions for this document",
  "order": 9,
  "next_states": []
 }
},
{
 "model": "doc.state",
 "pk": 111,
 "fields": {
  "type": "draft-iana-review",
  "slug": "need-rev",
  "name": "IANA - Review Needed",
  "used": true,
  "desc": "Document has not yet been reviewed by IANA.",
  "order": 1,
  "next_states": []
 }
},
{
 "model": "doc.state",
 "pk": 112,
 "fields": {
  "type": "draft-iana-review",
  "slug": "ok-act",
  "name": "IANA OK - Actions Needed",
  "used": true,
  "desc": "Document requires IANA actions, and the IANA Considerations section indicates the details of the actions correctly.",
  "order": 2,
  "next_states": []
 }
},
{
 "model": "doc.state",
 "pk": 113,
 "fields": {
  "type": "draft-iana-review",
  "slug": "ok-noact",
  "name": "IANA OK - No Actions Needed",
  "used": true,
  "desc": "Document requires no IANA action, and the IANA Considerations section indicates this correctly.",
  "order": 3,
  "next_states": []
 }
},
{
 "model": "doc.state",
 "pk": 114,
 "fields": {
  "type": "draft-iana-review",
  "slug": "not-ok",
  "name": "IANA - Not OK",
  "used": true,
  "desc": "IANA has issues with the text of the IANA Considerations section of the document.",
  "order": 4,
  "next_states": []
 }
},
{
 "model": "doc.state",
 "pk": 115,
 "fields": {
  "type": "draft-iana-review",
  "slug": "changed",
  "name": "Version Changed - Review Needed",
  "used": true,
  "desc": "Document revision has changed after review by IANA.",
  "order": 5,
  "next_states": []
 }
},
{
 "model": "doc.state",
 "pk": 16,
 "fields": {
  "type": "draft-iesg",
  "slug": "pub-req",
  "name": "Publication Requested",
  "used": true,
  "desc": "A formal request has been made to advance/publish the document, following the procedures in Section 7.5 of RFC 2418. The request could be from a WG chair, from an individual through the RFC Editor, etc. (The Secretariat (iesg-secretary@ietf.org) is copied on these requests to ensure that the request makes it into the ID tracker.) A document in this state has not (yet) been reviewed by an AD nor has any official action been taken on it yet (other than to note that its publication has been requested.",
  "order": 10,
  "next_states": [
   13,
   11,
   8
  ]
 }
},
{
 "model": "doc.state",
 "pk": 13,
 "fields": {
  "type": "draft-iesg",
  "slug": "ad-eval",
  "name": "AD Evaluation",
  "used": true,
  "desc": "A specific AD (e.g., the Area Advisor for the WG) has begun reviewing the document to verify that it is ready for advancement. The shepherding AD is responsible for doing any necessary review before starting an IETF Last Call or sending the document directly to the IESG as a whole.",
  "order": 11,
  "next_states": [
   21,
   14,
   12,
   11
  ]
 }
},
{
 "model": "doc.state",
 "pk": 21,
 "fields": {
  "type": "draft-iesg",
  "slug": "review-e",
  "name": "Expert Review",
  "used": true,
  "desc": "An AD sometimes asks for an external review by an outside party as part of evaluating whether a document is ready for advancement. MIBs, for example, are reviewed by the \"MIB doctors\". Other types of reviews may also be requested (e.g., security, operations impact, etc.). Documents stay in this state until the review is complete and possibly until the issues raised in the review are addressed. See the \"note\" field for specific details on the nature of the review.",
  "order": 12,
  "next_states": [
   13
  ]
 }
},
{
 "model": "doc.state",
 "pk": 14,
 "fields": {
  "type": "draft-iesg",
  "slug": "lc-req",
  "name": "Last Call Requested",
  "used": true,
  "desc": "The AD has requested that the Secretariat start an IETF Last Call, but the the actual Last Call message has not been sent yet.",
  "order": 15,
  "next_states": [
   15
  ]
 }
},
{
 "model": "doc.state",
 "pk": 15,
 "fields": {
  "type": "draft-iesg",
  "slug": "lc",
  "name": "In Last Call",
  "used": true,
  "desc": "The document is currently waiting for IETF Last Call to complete. Last Calls for WG documents typically last 2 weeks, those for individual submissions last 4 weeks.",
  "order": 16,
  "next_states": [
   19,
   20
  ]
 }
},
{
 "model": "doc.state",
 "pk": 19,
 "fields": {
  "type": "draft-iesg",
  "slug": "writeupw",
  "name": "Waiting for Writeup",
  "used": true,
  "desc": "Before a standards-track or BCP document is formally considered by the entire IESG, the AD must write up a protocol action. The protocol action is included in the approval message that the Secretariat sends out when the document is approved for publication as an RFC.",
  "order": 18,
  "next_states": [
   20
  ]
 }
},
{
 "model": "doc.state",
 "pk": 20,
 "fields": {
  "type": "draft-iesg",
  "slug": "goaheadw",
  "name": "Waiting for AD Go-Ahead",
  "used": true,
  "desc": "As a result of the IETF Last Call, comments may need to be responded to and a revision of the ID may be needed as well. The AD is responsible for verifying that all Last Call comments have been adequately addressed and that the (possibly revised) document is in the ID directory and ready for consideration by the IESG as a whole.",
  "order": 19,
  "next_states": [
   12
  ]
 }
},
{
 "model": "doc.state",
 "pk": 12,
 "fields": {
  "type": "draft-iesg",
  "slug": "iesg-eva",
  "name": "IESG Evaluation",
  "used": true,
  "desc": "The document is now (finally!) being formally reviewed by the entire IESG. Documents are discussed in email or during a bi-weekly IESG telechat. In this phase, each AD reviews the document and airs any issues they may have. Unresolvable issues are documented as \"discuss\" comments that can be forwarded to the authors/WG. See the description of substates for additional details about the current state of the IESG discussion.",
  "order": 20,
  "next_states": [
   18,
   9,
   22
  ]
 }
},
{
 "model": "doc.state",
 "pk": 18,
 "fields": {
  "type": "draft-iesg",
  "slug": "defer",
  "name": "IESG Evaluation - Defer",
  "used": true,
  "desc": "During a telechat, one or more ADs requested an additional 2 weeks to review the document. A defer is designed to be an exception mechanism, and can only be invoked once, the first time the document comes up for discussion during a telechat.",
  "order": 21,
  "next_states": [
   12
  ]
 }
},
{
 "model": "doc.state",
 "pk": 9,
 "fields": {
  "type": "draft-iesg",
  "slug": "approved",
  "name": "Approved-announcement to be sent",
  "used": true,
  "desc": "The IESG has approved the document for publication, but the Secretariat has not yet sent out on official approval message.",
  "order": 27,
  "next_states": [
   10
  ]
 }
},
{
 "model": "doc.state",
 "pk": 10,
 "fields": {
  "type": "draft-iesg",
  "slug": "ann",
  "name": "Approved-announcement sent",
  "used": true,
  "desc": "The IESG has approved the document for publication, and the Secretariat has sent out the official approval message to the RFC editor.",
  "order": 30,
  "next_states": [
   17
  ]
 }
},
{
 "model": "doc.state",
 "pk": 17,
 "fields": {
  "type": "draft-iesg",
  "slug": "rfcqueue",
  "name": "RFC Ed Queue",
  "used": true,
  "desc": "The document is in the RFC editor Queue (as confirmed by http://www.rfc-editor.org/queue.html).",
  "order": 31,
  "next_states": [
   7
  ]
 }
},
{
 "model": "doc.state",
 "pk": 7,
 "fields": {
  "type": "draft-iesg",
  "slug": "pub",
  "name": "RFC Published",
  "used": true,
  "desc": "The ID has been published as an RFC.",
  "order": 32,
  "next_states": [
   8
  ]
 }
},
{
 "model": "doc.state",
 "pk": 22,
 "fields": {
  "type": "draft-iesg",
  "slug": "nopubadw",
  "name": "DNP-waiting for AD note",
  "used": true,
  "desc": "Do Not Publish: The IESG recommends against publishing the document, but the writeup explaining its reasoning has not yet been produced. DNPs apply primarily to individual submissions received through the RFC editor.  See the \"note\" field for more details on who has the action item.",
  "order": 33,
  "next_states": [
   23
  ]
 }
},
{
 "model": "doc.state",
 "pk": 23,
 "fields": {
  "type": "draft-iesg",
  "slug": "nopubanw",
  "name": "DNP-announcement to be sent",
  "used": true,
  "desc": "The IESG recommends against publishing the document, the writeup explaining its reasoning has been produced, but the Secretariat has not yet sent out the official \"do not publish\" recommendation message.",
  "order": 34,
  "next_states": [
   8
  ]
 }
},
{
 "model": "doc.state",
 "pk": 11,
 "fields": {
  "type": "draft-iesg",
  "slug": "watching",
  "name": "AD is watching",
  "used": true,
  "desc": "An AD is aware of the document and has chosen to place the document in a separate state in order to keep a closer eye on it (for whatever reason). Documents in this state are still not being actively tracked in the sense that no formal request has been made to publish or advance the document. The sole difference between this state and \"I-D Exists\" is that an AD has chosen to put it in a separate state, to make it easier to keep track of (for the AD's own reasons).",
  "order": 42,
  "next_states": [
   16
  ]
 }
},
{
 "model": "doc.state",
 "pk": 8,
 "fields": {
  "type": "draft-iesg",
  "slug": "dead",
  "name": "Dead",
  "used": true,
  "desc": "Document is \"dead\" and is no longer being tracked. (E.g., it has been replaced by another document with a different name, it has been withdrawn, etc.)",
  "order": 99,
  "next_states": [
   16
  ]
 }
},
{
 "model": "doc.state",
 "pk": 24,
 "fields": {
  "type": "draft-rfceditor",
  "slug": "auth",
  "name": "AUTH",
  "used": true,
  "desc": "Awaiting author action",
  "order": 0,
  "next_states": []
 }
},
{
 "model": "doc.state",
 "pk": 25,
 "fields": {
  "type": "draft-rfceditor",
  "slug": "auth48",
  "name": "AUTH48",
  "used": true,
  "desc": "Awaiting final author approval",
  "order": 0,
  "next_states": []
 }
},
{
 "model": "doc.state",
 "pk": 26,
 "fields": {
  "type": "draft-rfceditor",
  "slug": "edit",
  "name": "EDIT",
  "used": false,
  "desc": "Approved by the stream manager (e.g., IESG, IAB, IRSG, ISE), awaiting processing and publishing",
  "order": 0,
  "next_states": []
 }
},
{
 "model": "doc.state",
 "pk": 27,
 "fields": {
  "type": "draft-rfceditor",
  "slug": "iana",
  "name": "IANA",
  "used": true,
  "desc": "Document has been edited, but is holding for completion of IANA actions",
  "order": 0,
  "next_states": []
 }
},
{
 "model": "doc.state",
 "pk": 28,
 "fields": {
  "type": "draft-rfceditor",
  "slug": "iesg",
  "name": "IESG",
  "used": false,
  "desc": "Awaiting IESG action",
  "order": 0,
  "next_states": []
 }
},
{
 "model": "doc.state",
 "pk": 29,
 "fields": {
  "type": "draft-rfceditor",
  "slug": "isr",
  "name": "ISR",
  "used": true,
  "desc": "Independent Submission Review by the ISE ",
  "order": 0,
  "next_states": []
 }
},
{
 "model": "doc.state",
 "pk": 30,
 "fields": {
  "type": "draft-rfceditor",
  "slug": "isr-auth",
  "name": "ISR-AUTH",
  "used": false,
  "desc": "Independent submission awaiting author action, or in discussion between author and ISE",
  "order": 0,
  "next_states": []
 }
},
{
 "model": "doc.state",
 "pk": 31,
 "fields": {
  "type": "draft-rfceditor",
  "slug": "ref",
  "name": "REF",
  "used": true,
  "desc": "Holding for normative reference",
  "order": 0,
  "next_states": []
 }
},
{
 "model": "doc.state",
 "pk": 32,
 "fields": {
  "type": "draft-rfceditor",
  "slug": "rfc-edit",
  "name": "RFC-EDITOR",
  "used": true,
  "desc": "Awaiting final RFC Editor review before AUTH48",
  "order": 0,
  "next_states": []
 }
},
{
 "model": "doc.state",
 "pk": 33,
 "fields": {
  "type": "draft-rfceditor",
  "slug": "timeout",
  "name": "TO",
  "used": true,
  "desc": "Time-out period during which the IESG reviews document for conflict/concurrence with other IETF working group work",
  "order": 0,
  "next_states": []
 }
},
{
 "model": "doc.state",
 "pk": 34,
 "fields": {
  "type": "draft-rfceditor",
  "slug": "missref",
  "name": "MISSREF",
  "used": true,
  "desc": "Awaiting missing normative reference",
  "order": 0,
  "next_states": []
 }
},
{
 "model": "doc.state",
 "pk": 89,
 "fields": {
  "type": "draft-rfceditor",
  "slug": "auth48done",
  "name": "AUTH48-DONE",
  "used": false,
  "desc": "Final approvals are complete",
  "order": 0,
  "next_states": [
   74
  ]
 }
},
{
 "model": "doc.state",
 "pk": 116,
 "fields": {
  "type": "draft-rfceditor",
  "slug": "auth48-done",
  "name": "AUTH48-DONE",
  "used": true,
  "desc": "Final approvals are complete",
  "order": 0,
  "next_states": []
 }
},
{
 "model": "doc.state",
 "pk": 117,
 "fields": {
  "type": "draft-rfceditor",
  "slug": "edit",
  "name": "EDIT",
  "used": true,
  "desc": "Approved by the stream manager (e.g., IESG, IAB, IRSG, ISE), awaiting processing and publishing",
  "order": 0,
  "next_states": []
 }
},
{
 "model": "doc.state",
 "pk": 118,
 "fields": {
  "type": "draft-rfceditor",
  "slug": "iana-crd",
  "name": "IANA",
  "used": true,
  "desc": "RFC-Editor/IANA Registration Coordination",
  "order": 0,
  "next_states": []
 }
},
{
 "model": "doc.state",
 "pk": 119,
 "fields": {
  "type": "draft-rfceditor",
  "slug": "iesg",
  "name": "IESG",
  "used": true,
  "desc": "Holding for IESG action",
  "order": 0,
  "next_states": []
 }
},
{
 "model": "doc.state",
 "pk": 120,
 "fields": {
  "type": "draft-rfceditor",
  "slug": "isr-auth",
  "name": "ISR-AUTH",
  "used": true,
  "desc": "Independent Submission awaiting author update, or in discussion between author and ISE",
  "order": 0,
  "next_states": []
 }
},
{
 "model": "doc.state",
 "pk": 133,
 "fields": {
  "type": "draft-rfceditor",
  "slug": "pending",
  "name": "Pending",
  "used": true,
  "desc": "",
  "order": 0,
  "next_states": []
 }
},
{
 "model": "doc.state",
 "pk": 45,
 "fields": {
  "type": "draft-stream-iab",
  "slug": "candidat",
  "name": "Candidate IAB Document",
  "used": true,
  "desc": "A document being considered for the IAB stream.",
  "order": 1,
  "next_states": []
 }
},
{
 "model": "doc.state",
 "pk": 46,
 "fields": {
  "type": "draft-stream-iab",
  "slug": "active",
  "name": "Active IAB Document",
  "used": true,
  "desc": "This document has been adopted by the IAB and is being actively developed.",
  "order": 2,
  "next_states": []
 }
},
{
 "model": "doc.state",
 "pk": 47,
 "fields": {
  "type": "draft-stream-iab",
  "slug": "parked",
  "name": "Parked IAB Document",
  "used": true,
  "desc": "This document has lost its author or editor, is waiting for another document to be written, or cannot currently be worked on by the IAB for some other reason. Annotations probably explain why this document is parked.",
  "order": 3,
  "next_states": []
 }
},
{
 "model": "doc.state",
 "pk": 48,
 "fields": {
  "type": "draft-stream-iab",
  "slug": "review-i",
  "name": "IAB Review",
  "used": true,
  "desc": "This document is awaiting the IAB itself to come to internal consensus.",
  "order": 4,
  "next_states": []
 }
},
{
 "model": "doc.state",
 "pk": 49,
 "fields": {
  "type": "draft-stream-iab",
  "slug": "review-c",
  "name": "Community Review",
  "used": true,
  "desc": "This document has completed internal consensus within the IAB and is now under community review.",
  "order": 5,
  "next_states": []
 }
},
{
 "model": "doc.state",
 "pk": 50,
 "fields": {
  "type": "draft-stream-iab",
  "slug": "approved",
  "name": "Approved by IAB, To Be Sent to RFC Editor",
  "used": true,
  "desc": "The consideration of this document is complete, but it has not yet been sent to the RFC Editor for publication (although that is going to happen soon).",
  "order": 6,
  "next_states": []
 }
},
{
 "model": "doc.state",
 "pk": 51,
 "fields": {
  "type": "draft-stream-iab",
  "slug": "diff-org",
  "name": "Sent to a Different Organization for Publication",
  "used": true,
  "desc": "The IAB does not expect to publish the document itself, but has passed it on to a different organization that might continue work on the document. The expectation is that the other organization will eventually publish the document.",
  "order": 7,
  "next_states": []
 }
},
{
 "model": "doc.state",
 "pk": 52,
 "fields": {
  "type": "draft-stream-iab",
  "slug": "rfc-edit",
  "name": "Sent to the RFC Editor",
  "used": true,
  "desc": "The IAB processing of this document is complete and it has been sent to the RFC Editor for publication. The document may be in the RFC Editor's queue, or it may have been published as an RFC; this state doesn't distinguish between different states occurring after the document has left the IAB.",
  "order": 8,
  "next_states": []
 }
},
{
 "model": "doc.state",
 "pk": 53,
 "fields": {
  "type": "draft-stream-iab",
  "slug": "pub",
  "name": "Published RFC",
  "used": true,
  "desc": "The document has been published as an RFC.",
  "order": 9,
  "next_states": []
 }
},
{
 "model": "doc.state",
 "pk": 54,
 "fields": {
  "type": "draft-stream-iab",
  "slug": "dead",
  "name": "Dead IAB Document",
  "used": true,
  "desc": "This document was an active IAB document, but for some reason it is no longer being pursued for the IAB stream. It is possible that the document might be revived later, possibly in another stream.",
  "order": 10,
  "next_states": []
 }
},
{
 "model": "doc.state",
 "pk": 134,
 "fields": {
  "type": "draft-stream-ietf",
  "slug": "wg-cand",
  "name": "Candidate for WG Adoption",
  "used": true,
  "desc": "The document has been marked as a candidate for WG adoption by the WG Chair.  This state can be used before a call for adoption is issued (and the document is put in the \"Call For Adoption By WG Issued\" state), to indicate that the document is in the queue for a call for adoption, even if none has been issued yet.",
  "order": 0,
  "next_states": [
   35
  ]
 }
},
{
 "model": "doc.state",
 "pk": 35,
 "fields": {
  "type": "draft-stream-ietf",
  "slug": "c-adopt",
  "name": "Call For Adoption By WG Issued",
  "used": true,
  "desc": "<a href=\"http://tools.ietf.org/html/rfc6174#section-4.2.1\" target=\"_blank\">4.2.1. Call for Adoption by WG Issued</a>\n\n The \"Call for Adoption by WG Issued\" state should be used to indicate when an I-D is being considered for adoption by an IETF WG. An I-D that is in this state is actively being considered for adoption and has not yet achieved consensus, preference, or selection in the WG.\n\n This state may be used to describe an I-D that someone has asked a WG to consider for adoption, if the WG Chair has agreed with the request. This state may also be used to identify an I-D that a WG Chair asked an author to write specifically for consideration as a candidate WG item [WGDTSPEC], and/or an I-D that is listed as a 'candidate draft' in the WG's charter.\n\n Under normal conditions, it should not be possible for an I-D to be in the \"Call for Adoption by WG Issued\" state in more than one working group at the same time. This said, it is not uncommon for authors to \"shop\" their I-Ds to more than one WG at a time, with the hope of getting their documents adopted somewhere.\n\n After this state is implemented in the Datatracker, an I-D that is in the \"Call for Adoption by WG Issued\" state will not be able to be \"shopped\" to any other WG without the consent of the WG Chairs and the responsible ADs impacted by the shopping.\n\n Note that Figure 1 includes an arc leading from this state to outside of the WG state machine. This illustrates that some I-Ds that are considered do not get adopted as WG drafts. An I-D that is not adopted as a WG draft will transition out of the WG state machine and revert back to having no stream-specific state; however, the status change history log of the I-D will record that the I-D was previously in the \"Call for Adoption by WG Issued\" state.",
  "order": 1,
  "next_states": [
   36,
   37
  ]
 }
},
{
 "model": "doc.state",
 "pk": 36,
 "fields": {
  "type": "draft-stream-ietf",
  "slug": "adopt-wg",
  "name": "Adopted by a WG",
  "used": true,
  "desc": "<a href=\"http://tools.ietf.org/html/rfc6174#section-4.2.2\" target=\"_blank\">4.2.2. Adopted by a WG</a>\n\n The \"Adopted by a WG\" state describes an individual submission I-D that an IETF WG has agreed to adopt as one of its WG drafts.\n\n WG Chairs who use this state will be able to clearly indicate when their WGs adopt individual submission I-Ds. This will facilitate the Datatracker's ability to correctly capture \"Replaces\" information for WG drafts and correct \"Replaced by\" information for individual submission I-Ds that have been replaced by WG drafts.\n\n This state is needed because the Datatracker uses the filename of an I-D as a key to search its database for status information about the I-D, and because the filename of a WG I-D is supposed to be different from the filename of an individual submission I-D. The filename of an individual submission I-D will typically be formatted as 'draft-author-wgname-topic-nn'.\n\n The filename of a WG document is supposed to be formatted as 'draft- ietf-wgname-topic-nn'.\n\n An individual I-D that is adopted by a WG may take weeks or months to be resubmitted by the author as a new (version-00) WG draft. If the \"Adopted by a WG\" state is not used, the Datatracker has no way to determine that an I-D has been adopted until a new version of the I-D is submitted to the WG by the author and until the I-D is approved for posting by a WG Chair.",
  "order": 2,
  "next_states": [
   38
  ]
 }
},
{
 "model": "doc.state",
 "pk": 37,
 "fields": {
  "type": "draft-stream-ietf",
  "slug": "info",
  "name": "Adopted for WG Info Only",
  "used": true,
  "desc": "<a href=\"http://tools.ietf.org/html/rfc6174#section-4.2.3\" target=\"_blank\">4.2.3. Adopted for WG Info Only</a>\n\n The \"Adopted for WG Info Only\" state describes a document that contains useful information for the WG that adopted it, but the document is not intended to be published as an RFC. The WG will not actively develop the contents of the I-D or progress it for publication as an RFC. The only purpose of the I-D is to provide information for internal use by the WG.",
  "order": 3,
  "next_states": []
 }
},
{
 "model": "doc.state",
 "pk": 38,
 "fields": {
  "type": "draft-stream-ietf",
  "slug": "wg-doc",
  "name": "WG Document",
  "used": true,
  "desc": "<a href=\"http://tools.ietf.org/html/rfc6174#section-4.2.4\" target=\"_blank\">4.2.4. WG Document</a>\n\n The \"WG Document\" state describes an I-D that has been adopted by an IETF WG and is being actively developed.\n\n A WG Chair may transition an I-D into the \"WG Document\" state at any time as long as the I-D is not being considered or developed in any other WG.\n\n Alternatively, WG Chairs may rely upon new functionality to be added to the Datatracker to automatically move version-00 drafts into the \"WG Document\" state as described in Section 4.1.\n\n Under normal conditions, it should not be possible for an I-D to be in the \"WG Document\" state in more than one WG at a time. This said, I-Ds may be transferred from one WG to another with the consent of the WG Chairs and the responsible ADs.",
  "order": 4,
  "next_states": [
   39,
   40,
   41,
   43
  ]
 }
},
{
 "model": "doc.state",
 "pk": 39,
 "fields": {
  "type": "draft-stream-ietf",
  "slug": "parked",
  "name": "Parked WG Document",
  "used": true,
  "desc": "<a href=\"http://tools.ietf.org/html/rfc6174#section-4.2.5\" target=\"_blank\">4.2.5. Parked WG Document</a>\n\n A \"Parked WG Document\" is an I-D that has lost its author or editor, is waiting for another document to be written or for a review to be completed, or cannot be progressed by the working group for some other reason.\n\n Some of the annotation tags described in Section 4.3 may be used in conjunction with this state to indicate why an I-D has been parked, and/or what may need to happen for the I-D to be un-parked.\n\n Parking a WG draft will not prevent it from expiring; however, this state can be used to indicate why the I-D has stopped progressing in the WG.\n\n A \"Parked WG Document\" that is not expired may be transferred from one WG to another with the consent of the WG Chairs and the responsible ADs.",
  "order": 5,
  "next_states": [
   38
  ]
 }
},
{
 "model": "doc.state",
 "pk": 40,
 "fields": {
  "type": "draft-stream-ietf",
  "slug": "dead",
  "name": "Dead WG Document",
  "used": true,
  "desc": "<a href=\"http://tools.ietf.org/html/rfc6174#section-4.2.6\" target=\"_blank\">4.2.6. Dead WG Document</a>\n\n A \"Dead WG Document\" is an I-D that has been abandoned. Note that 'Dead' is not always a final state for a WG I-D. If consensus is subsequently achieved, a \"Dead WG Document\" may be resurrected. A \"Dead WG Document\" that is not resurrected will eventually expire.\n\n Note that an I-D that is declared to be \"Dead\" in one WG and that is not expired may be transferred to a non-dead state in another WG with the consent of the WG Chairs and the responsible ADs.",
  "order": 6,
  "next_states": [
   38
  ]
 }
},
{
 "model": "doc.state",
 "pk": 41,
 "fields": {
  "type": "draft-stream-ietf",
  "slug": "wg-lc",
  "name": "In WG Last Call",
  "used": true,
  "desc": "<a href=\"http://tools.ietf.org/html/rfc6174#section-4.2.7\" target=\"_blank\">4.2.7. In WG Last Call</a>\n\n A document \"In WG Last Call\" is an I-D for which a WG Last Call (WGLC) has been issued and is in progress.\n\n Note that conducting a WGLC is an optional part of the IETF WG process, per Section 7.4 of RFC 2418 [RFC2418].\n\n If a WG Chair decides to conduct a WGLC on an I-D, the \"In WG Last Call\" state can be used to track the progress of the WGLC. The Chair may configure the Datatracker to send a WGLC message to one or more mailing lists when the Chair moves the I-D into this state. The WG Chair may also be able to select a different set of mailing lists for a different document undergoing a WGLC; some documents may deserve coordination with other WGs.\n\n A WG I-D in this state should remain \"In WG Last Call\" until the WG Chair moves it to another state. The WG Chair may configure the Datatracker to send an e-mail after a specified period of time to remind or 'nudge' the Chair to conclude the WGLC and to determine the next state for the document.\n\n It is possible for one WGLC to lead into another WGLC for the same document. For example, an I-D that completed a WGLC as an \"Informational\" document may need another WGLC if a decision is taken to convert the I-D into a Standards Track document.",
  "order": 7,
  "next_states": [
   38,
   42,
   43
  ]
 }
},
{
 "model": "doc.state",
 "pk": 145,
 "fields": {
  "type": "draft-stream-ietf",
  "slug": "waiting-for-implementation",
  "name": "Waiting for Implementation",
  "used": true,
  "desc": "In some areas, it can be desirable to wait for multiple interoperable implementations before progressing a draft to be an RFC, and in some WGs this is required.  This state should be entered after WG Last Call has completed.",
  "order": 8,
  "next_states": []
 }
},
{
 "model": "doc.state",
 "pk": 146,
 "fields": {
  "type": "draft-stream-ietf",
  "slug": "held-by-wg",
  "name": "Held by WG",
  "used": true,
  "desc": "Held by WG, see document history for details.",
  "order": 9,
  "next_states": []
 }
},
{
 "model": "doc.state",
 "pk": 42,
 "fields": {
  "type": "draft-stream-ietf",
  "slug": "chair-w",
  "name": "Waiting for WG Chair Go-Ahead",
  "used": true,
  "desc": "<a href=\"http://tools.ietf.org/html/rfc6174#section-4.2.8\" target=\"_blank\">4.2.8. Waiting for WG Chair Go-Ahead</a>\n\n A WG Chair may wish to place an I-D that receives a lot of comments during a WGLC into the \"Waiting for WG Chair Go-Ahead\" state. This state describes an I-D that has undergone a WGLC; however, the Chair is not yet ready to call consensus on the document.\n\n If comments from the WGLC need to be responded to, or a revision to the I-D is needed, the Chair may place an I-D into this state until all of the WGLC comments are adequately addressed and the (possibly revised) document is in the I-D repository.",
  "order": 10,
  "next_states": [
   41,
   43
  ]
 }
},
{
 "model": "doc.state",
 "pk": 43,
 "fields": {
  "type": "draft-stream-ietf",
  "slug": "writeupw",
  "name": "WG Consensus: Waiting for Write-Up",
  "used": true,
  "desc": "<a href=\"http://tools.ietf.org/html/rfc6174#section-4.2.9\" target=\"_blank\">4.2.9. WG Consensus: Waiting for Writeup</a>\n\n A document in the \"WG Consensus: Waiting for Writeup\" state has essentially completed its development within the working group, and is nearly ready to be sent to the IESG for publication. The last thing to be done is the preparation of a protocol writeup by a Document Shepherd. The IESG requires that a document shepherd writeup be completed before publication of the I-D is requested. The IETF document shepherding process and the role of a WG Document Shepherd is described in RFC 4858 [RFC4858]\n\n A WG Chair may call consensus on an I-D without a formal WGLC and transition an I-D that was in the \"WG Document\" state directly into this state.\n\n The name of this state includes the words \"Waiting for Writeup\" because a good document shepherd writeup takes time to prepare.",
  "order": 11,
  "next_states": [
   44
  ]
 }
},
{
 "model": "doc.state",
 "pk": 44,
 "fields": {
  "type": "draft-stream-ietf",
  "slug": "sub-pub",
  "name": "Submitted to IESG for Publication",
  "used": true,
  "desc": "<a href=\"http://tools.ietf.org/html/rfc6174#section-4.2.10\" target=\"_blank\">4.2.10. Submitted to IESG for Publication</a>\n\n This state describes a WG document that has been submitted to the IESG for publication and that has not been sent back to the working group for revision.\n\n An I-D in this state may be under review by the IESG, it may have been approved and be in the RFC Editor's queue, or it may have been published as an RFC. Other possibilities exist too. The document may be \"Dead\" (in the IESG state machine) or in a \"Do Not Publish\" state.",
  "order": 12,
  "next_states": [
   38
  ]
 }
},
{
 "model": "doc.state",
 "pk": 55,
 "fields": {
  "type": "draft-stream-irtf",
  "slug": "candidat",
  "name": "Candidate RG Document",
  "used": true,
  "desc": "This document is under consideration in an RG for becoming an IRTF document. A document in this state does not imply any RG consensus and does not imply any precedence or selection.  It's simply a way to indicate that somebody has asked for a document to be considered for adoption by an RG.",
  "order": 1,
  "next_states": []
 }
},
{
 "model": "doc.state",
 "pk": 56,
 "fields": {
  "type": "draft-stream-irtf",
  "slug": "active",
  "name": "Active RG Document",
  "used": true,
  "desc": "This document has been adopted by the RG and is being actively developed.",
  "order": 2,
  "next_states": []
 }
},
{
 "model": "doc.state",
 "pk": 57,
 "fields": {
  "type": "draft-stream-irtf",
  "slug": "parked",
  "name": "Parked RG Document",
  "used": true,
  "desc": "This document has lost its author or editor, is waiting for another document to be written, or cannot currently be worked on by the RG for some other reason.",
  "order": 3,
  "next_states": []
 }
},
{
 "model": "doc.state",
 "pk": 58,
 "fields": {
  "type": "draft-stream-irtf",
  "slug": "rg-lc",
  "name": "In RG Last Call",
  "used": true,
  "desc": "The document is in its final review in the RG.",
  "order": 4,
  "next_states": []
 }
},
{
 "model": "doc.state",
 "pk": 59,
 "fields": {
  "type": "draft-stream-irtf",
  "slug": "sheph-w",
  "name": "Waiting for Document Shepherd",
  "used": true,
  "desc": "IRTF documents have document shepherds who help RG documents through the process after the RG has finished with the document.",
  "order": 5,
  "next_states": []
 }
},
{
 "model": "doc.state",
 "pk": 60,
 "fields": {
  "type": "draft-stream-irtf",
  "slug": "chair-w",
  "name": "Waiting for IRTF Chair",
  "used": true,
  "desc": "The IRTF Chair is meant to be performing some task such as sending a request for IESG Review.",
  "order": 6,
  "next_states": []
 }
},
{
 "model": "doc.state",
 "pk": 61,
 "fields": {
  "type": "draft-stream-irtf",
  "slug": "irsg-w",
  "name": "Awaiting IRSG Reviews",
  "used": true,
  "desc": "The document shepherd has taken the document to the IRSG and solicited reviews from one or more IRSG members.",
  "order": 7,
  "next_states": []
 }
},
{
 "model": "doc.state",
 "pk": 62,
 "fields": {
  "type": "draft-stream-irtf",
  "slug": "irsgpoll",
  "name": "In IRSG Poll",
  "used": true,
  "desc": "The IRSG is taking a poll on whether or not the document is ready to be published.",
  "order": 8,
  "next_states": []
 }
},
{
 "model": "doc.state",
 "pk": 63,
 "fields": {
  "type": "draft-stream-irtf",
  "slug": "iesg-rev",
  "name": "In IESG Review",
  "used": true,
  "desc": "The IRSG has asked the IESG to do a review of the document, as described in RFC5742.",
  "order": 9,
  "next_states": []
 }
},
{
 "model": "doc.state",
 "pk": 64,
 "fields": {
  "type": "draft-stream-irtf",
  "slug": "rfc-edit",
  "name": "Sent to the RFC Editor",
  "used": true,
  "desc": "The RG processing of this document is complete and it has been sent to the RFC Editor for publication. The document may be in the RFC Editor's queue, or it may have been published as an RFC; this state doesn't distinguish between different states occurring after the document has left the RG.",
  "order": 10,
  "next_states": []
 }
},
{
 "model": "doc.state",
 "pk": 65,
 "fields": {
  "type": "draft-stream-irtf",
  "slug": "pub",
  "name": "Published RFC",
  "used": true,
  "desc": "The document has been published as an RFC.",
  "order": 11,
  "next_states": []
 }
},
{
 "model": "doc.state",
 "pk": 66,
 "fields": {
  "type": "draft-stream-irtf",
  "slug": "iesghold",
  "name": "Document on Hold Based On IESG Request",
  "used": true,
  "desc": "The IESG has requested that the document be held pending further review, as specified in RFC 5742, and the IRTF has agreed to such a hold.",
  "order": 12,
  "next_states": []
 }
},
{
 "model": "doc.state",
 "pk": 67,
 "fields": {
  "type": "draft-stream-irtf",
  "slug": "dead",
  "name": "Dead IRTF Document",
  "used": true,
  "desc": "This document was an active IRTF document, but for some reason it is no longer being pursued for the IRTF stream. It is possible that the document might be revived later, possibly in another stream.",
  "order": 13,
  "next_states": []
 }
},
{
 "model": "doc.state",
 "pk": 68,
 "fields": {
  "type": "draft-stream-ise",
  "slug": "receive",
  "name": "Submission Received",
  "used": true,
  "desc": "The draft has been sent to the ISE with a request for publication.",
  "order": 1,
  "next_states": []
 }
},
{
 "model": "doc.state",
 "pk": 69,
 "fields": {
  "type": "draft-stream-ise",
  "slug": "find-rev",
  "name": "Finding Reviewers",
  "used": true,
  "desc": " The ISE is finding initial reviewers for the document.",
  "order": 2,
  "next_states": []
 }
},
{
 "model": "doc.state",
 "pk": 70,
 "fields": {
  "type": "draft-stream-ise",
  "slug": "ise-rev",
  "name": "In ISE Review",
  "used": true,
  "desc": "The ISE is actively working on the document.",
  "order": 3,
  "next_states": []
 }
},
{
 "model": "doc.state",
 "pk": 71,
 "fields": {
  "type": "draft-stream-ise",
  "slug": "need-res",
  "name": "Response to Review Needed",
  "used": true,
  "desc": " One or more reviews have been sent to the author, and the ISE is awaiting response.",
  "order": 4,
  "next_states": []
 }
},
{
 "model": "doc.state",
 "pk": 72,
 "fields": {
  "type": "draft-stream-ise",
  "slug": "iesg-rev",
  "name": "In IESG Review",
  "used": true,
  "desc": "The ISE has asked the IESG to do a review of the document, as described in RFC5742.",
  "order": 5,
  "next_states": []
 }
},
{
 "model": "doc.state",
 "pk": 73,
 "fields": {
  "type": "draft-stream-ise",
  "slug": "rfc-edit",
  "name": "Sent to the RFC Editor",
  "used": true,
  "desc": "The ISE processing of this document is complete and it has been sent to the RFC Editor for publication. The document may be in the RFC Editor's queue, or it may have been published as an RFC; this state doesn't distinguish between different states occurring after the document has left the ISE.",
  "order": 6,
  "next_states": []
 }
},
{
 "model": "doc.state",
 "pk": 74,
 "fields": {
  "type": "draft-stream-ise",
  "slug": "pub",
  "name": "Published RFC",
  "used": true,
  "desc": "The document has been published as an RFC.",
  "order": 7,
  "next_states": []
 }
},
{
 "model": "doc.state",
 "pk": 75,
 "fields": {
  "type": "draft-stream-ise",
  "slug": "dead",
  "name": "No Longer In Independent Submission Stream",
  "used": true,
  "desc": "This document was actively considered in the Independent Submission stream, but the ISE chose not to publish it.  It is possible that the document might be revived later. A document in this state may have a comment explaining the reasoning of the ISE (such as if the document was going to move to a different stream).",
  "order": 8,
  "next_states": []
 }
},
{
 "model": "doc.state",
 "pk": 76,
 "fields": {
  "type": "draft-stream-ise",
  "slug": "iesghold",
  "name": "Document on Hold Based On IESG Request",
  "used": true,
  "desc": "The IESG has requested that the document be held pending further review, as specified in RFC 5742, and the ISE has agreed to such a hold.",
  "order": 9,
  "next_states": []
 }
},
{
 "model": "doc.state",
 "pk": 79,
 "fields": {
  "type": "minutes",
  "slug": "active",
  "name": "Active",
  "used": true,
  "desc": "",
  "order": 1,
  "next_states": []
 }
},
{
 "model": "doc.state",
 "pk": 80,
 "fields": {
  "type": "minutes",
  "slug": "deleted",
  "name": "Deleted",
  "used": true,
  "desc": "",
  "order": 2,
  "next_states": []
 }
},
{
 "model": "doc.state",
 "pk": 135,
 "fields": {
  "type": "recording",
  "slug": "active",
  "name": "Active",
  "used": true,
  "desc": "",
  "order": 0,
  "next_states": []
 }
},
{
 "model": "doc.state",
 "pk": 136,
 "fields": {
  "type": "recording",
  "slug": "deleted",
  "name": "Deleted",
  "used": true,
  "desc": "",
  "order": 0,
  "next_states": []
 }
},
{
 "model": "doc.state",
 "pk": 141,
 "fields": {
  "type": "reuse_policy",
  "slug": "single",
  "name": "Single Meeting",
  "used": true,
  "desc": "",
  "order": 0,
  "next_states": []
 }
},
{
 "model": "doc.state",
 "pk": 142,
 "fields": {
  "type": "reuse_policy",
  "slug": "multiple",
  "name": "Multiple Meetings",
  "used": true,
  "desc": "",
  "order": 0,
  "next_states": []
 }
},
{
 "model": "doc.state",
 "pk": 143,
 "fields": {
  "type": "review",
  "slug": "active",
  "name": "Active",
  "used": true,
  "desc": "",
  "order": 1,
  "next_states": []
 }
},
{
 "model": "doc.state",
 "pk": 144,
 "fields": {
  "type": "review",
  "slug": "deleted",
  "name": "Deleted",
  "used": true,
  "desc": "",
  "order": 2,
  "next_states": []
 }
},
{
 "model": "doc.state",
 "pk": 77,
 "fields": {
  "type": "slides",
  "slug": "active",
  "name": "Active",
  "used": true,
  "desc": "",
  "order": 1,
  "next_states": []
 }
},
{
 "model": "doc.state",
 "pk": 138,
 "fields": {
  "type": "slides",
  "slug": "archived",
  "name": "Archived",
  "used": true,
  "desc": "This document is not active, but is available in the archives",
  "order": 3,
  "next_states": []
 }
},
{
 "model": "doc.state",
 "pk": 78,
 "fields": {
  "type": "slides",
  "slug": "deleted",
  "name": "Deleted",
  "used": true,
  "desc": "",
  "order": 4,
  "next_states": []
 }
},
{
 "model": "doc.state",
 "pk": 121,
 "fields": {
  "type": "statchg",
  "slug": "needshep",
  "name": "Needs Shepherd",
  "used": true,
  "desc": "An RFC status change has been requested, but a shepherding AD has not yet been assigned",
  "order": 1,
  "next_states": [
   122,
   129
  ]
 }
},
{
 "model": "doc.state",
 "pk": 122,
 "fields": {
  "type": "statchg",
  "slug": "adrev",
  "name": "AD Review",
  "used": true,
  "desc": "The sponsoring AD is preparing an RFC status change document",
  "order": 2,
  "next_states": [
   130,
   123,
   129
  ]
 }
},
{
 "model": "doc.state",
 "pk": 130,
 "fields": {
  "type": "statchg",
  "slug": "lc-req",
  "name": "Last Call Requested",
  "used": true,
  "desc": "Last Call has been requested for this proposed status change",
  "order": 3,
  "next_states": [
   131
  ]
 }
},
{
 "model": "doc.state",
 "pk": 131,
 "fields": {
  "type": "statchg",
  "slug": "in-lc",
  "name": "In Last Call",
  "used": true,
  "desc": "This proposed status change is in IETF Last Call",
  "order": 4,
  "next_states": [
   132
  ]
 }
},
{
 "model": "doc.state",
 "pk": 132,
 "fields": {
  "type": "statchg",
  "slug": "goahead",
  "name": "Waiting for AD Go-Ahead",
  "used": true,
  "desc": "The AD is following up on IETF LC comments",
  "order": 5,
  "next_states": [
   123,
   129
  ]
 }
},
{
 "model": "doc.state",
 "pk": 123,
 "fields": {
  "type": "statchg",
  "slug": "iesgeval",
  "name": "IESG Evaluation",
  "used": true,
  "desc": "The IESG is considering the proposed RFC status changes",
  "order": 6,
  "next_states": [
   124,
   125,
   126,
   129
  ]
 }
},
{
 "model": "doc.state",
 "pk": 124,
 "fields": {
  "type": "statchg",
  "slug": "defer",
  "name": "IESG Evaluation - Defer",
  "used": true,
  "desc": "The evaluation of the proposed RFC status changes have been deferred to the next telechat",
  "order": 7,
  "next_states": [
   123,
   125,
   126,
   129
  ]
 }
},
{
 "model": "doc.state",
 "pk": 125,
 "fields": {
  "type": "statchg",
  "slug": "appr-pr",
  "name": "Approved - point raised",
  "used": true,
  "desc": "The IESG has approved the RFC status changes, but a point has been raised that should be cleared before proceeding to announcement to be sent",
  "order": 8,
  "next_states": [
   126,
   127
  ]
 }
},
{
 "model": "doc.state",
 "pk": 126,
 "fields": {
  "type": "statchg",
  "slug": "appr-pend",
  "name": "Approved - announcement to be sent",
  "used": true,
  "desc": "The IESG has approved the RFC status changes, but the secretariat has not yet sent the announcement",
  "order": 9,
  "next_states": [
   127
  ]
 }
},
{
 "model": "doc.state",
 "pk": 127,
 "fields": {
  "type": "statchg",
  "slug": "appr-sent",
  "name": "Approved - announcement sent",
  "used": true,
  "desc": "The secretariat has announced the IESG's approved RFC status changes",
  "order": 10,
  "next_states": []
 }
},
{
 "model": "doc.state",
 "pk": 129,
 "fields": {
  "type": "statchg",
  "slug": "dead",
  "name": "Dead",
  "used": true,
  "desc": "The RFC status changes have been abandoned",
  "order": 11,
  "next_states": [
   121
  ]
 }
},
{
 "model": "doc.ballottype",
 "pk": 5,
 "fields": {
  "doc_type": "conflrev",
  "slug": "conflrev",
  "name": "Approve",
  "question": "Is this the correct conflict review response?",
  "used": true,
  "order": 0,
  "positions": [
   "yes",
   "noobj",
   "discuss",
   "abstain",
   "recuse",
   "norecord"
  ]
 }
},
{
 "model": "doc.ballottype",
 "pk": 6,
 "fields": {
  "doc_type": "statchg",
  "slug": "statchg",
  "name": "Approve",
  "question": "Do we approve these RFC status changes?",
  "used": true,
  "order": 0,
  "positions": [
   "yes",
   "noobj",
   "discuss",
   "abstain",
   "recuse",
   "norecord"
  ]
 }
},
{
 "model": "doc.ballottype",
 "pk": 1,
 "fields": {
  "doc_type": "charter",
  "slug": "r-extrev",
  "name": "Ready for external review",
  "question": "Is this charter ready for external review?",
  "used": true,
  "order": 1,
  "positions": [
   "yes",
   "noobj",
   "block",
   "abstain",
   "norecord"
  ]
 }
},
{
 "model": "doc.ballottype",
 "pk": 4,
 "fields": {
  "doc_type": "draft",
  "slug": "approve",
  "name": "Approve",
  "question": "",
  "used": true,
  "order": 1,
  "positions": [
   "yes",
   "noobj",
   "discuss",
   "abstain",
   "recuse",
   "norecord"
  ]
 }
},
{
 "model": "doc.ballottype",
 "pk": 2,
 "fields": {
  "doc_type": "charter",
  "slug": "r-wo-ext",
  "name": "Ready w/o external review",
  "question": "Is this charter ready for external review? Is this charter ready for approval without external review?",
  "used": true,
  "order": 2,
  "positions": [
   "yes",
   "noobj",
   "block",
   "abstain",
   "norecord"
  ]
 }
},
{
 "model": "doc.ballottype",
 "pk": 3,
 "fields": {
  "doc_type": "charter",
  "slug": "approve",
  "name": "Approve",
  "question": "Do we approve of this charter?",
  "used": true,
  "order": 3,
  "positions": [
   "yes",
   "noobj",
   "block",
   "abstain",
   "norecord"
  ]
 }
},
{
 "model": "mailtrigger.recipient",
 "pk": "commenter",
 "fields": {
  "desc": "The person providing a comment to nomcom",
  "template": "{{commenter}}"
 }
},
{
 "model": "mailtrigger.recipient",
 "pk": "conflict_review_steering_group",
 "fields": {
  "desc": "The steering group (e.g. IRSG) of a document being reviewed for IETF stream conflicts",
  "template": null
 }
},
{
 "model": "mailtrigger.recipient",
 "pk": "conflict_review_stream_manager",
 "fields": {
  "desc": "The stream manager of a document being reviewed for IETF stream conflicts",
  "template": null
 }
},
{
 "model": "mailtrigger.recipient",
 "pk": "doc_ad",
 "fields": {
  "desc": "The document's responsible Area Director",
  "template": "{% if doc.ad %}<{{doc.ad.email_address}}>{% endif %}"
 }
},
{
 "model": "mailtrigger.recipient",
 "pk": "doc_affecteddoc_authors",
 "fields": {
  "desc": "The authors of the subject documents of a conflict-review or status-change",
  "template": null
 }
},
{
 "model": "mailtrigger.recipient",
 "pk": "doc_affecteddoc_group_chairs",
 "fields": {
  "desc": "The chairs of groups of the subject documents of a conflict-review or status-change",
  "template": null
 }
},
{
 "model": "mailtrigger.recipient",
 "pk": "doc_affecteddoc_notify",
 "fields": {
  "desc": "The notify field of the subject documents of a conflict-review or status-change",
  "template": null
 }
},
{
 "model": "mailtrigger.recipient",
 "pk": "doc_authors",
 "fields": {
  "desc": "The document's authors",
  "template": "{% if doc.type_id == \"draft\" %}<{{doc.name}}@ietf.org>{% endif %}"
 }
},
{
 "model": "mailtrigger.recipient",
 "pk": "doc_authors_expanded",
 "fields": {
  "desc": "The authors of the document, without using the draft aliases",
  "template": "{{doc.author_list}}"
 }
},
{
 "model": "mailtrigger.recipient",
 "pk": "doc_discussing_ads",
 "fields": {
  "desc": "Any ADs holding an active DISCUSS position on a given document",
  "template": null
 }
},
{
 "model": "mailtrigger.recipient",
 "pk": "doc_group_chairs",
 "fields": {
  "desc": "The document's group chairs (if the document is assigned to a working or research group)",
  "template": null
 }
},
{
 "model": "mailtrigger.recipient",
 "pk": "doc_group_delegates",
 "fields": {
  "desc": "The document's group delegates (if the document is assigned to a working or research group)",
  "template": null
 }
},
{
 "model": "mailtrigger.recipient",
 "pk": "doc_group_mail_list",
 "fields": {
  "desc": "The list address of the document's group",
  "template": null
 }
},
{
 "model": "mailtrigger.recipient",
 "pk": "doc_group_responsible_directors",
 "fields": {
  "desc": "The document's group's responsible AD(s) or IRTF chair",
  "template": null
 }
},
{
 "model": "mailtrigger.recipient",
 "pk": "doc_ipr_group_or_ad",
 "fields": {
  "desc": "Leadership for a document that has a new IPR disclosure",
  "template": null
 }
},
{
 "model": "mailtrigger.recipient",
 "pk": "doc_non_ietf_stream_manager",
 "fields": {
  "desc": "The document's stream manager if the document is not in the IETF stream",
  "template": null
 }
},
{
 "model": "mailtrigger.recipient",
 "pk": "doc_notify",
 "fields": {
  "desc": "The addresses in the document's notify field",
  "template": "{{doc.notify}}"
 }
},
{
 "model": "mailtrigger.recipient",
 "pk": "doc_shepherd",
 "fields": {
  "desc": "The document's shepherd",
  "template": "{% if doc.shepherd %}<{{doc.shepherd.address}}>{% endif %}"
 }
},
{
 "model": "mailtrigger.recipient",
 "pk": "doc_stream_manager",
 "fields": {
  "desc": "The manager of the document's stream",
  "template": null
 }
},
{
 "model": "mailtrigger.recipient",
 "pk": "group_chairs",
 "fields": {
  "desc": "The group's chairs",
  "template": "{% if group and group.acronym %}<{{group.acronym}}-chairs@ietf.org>{% endif %}"
 }
},
{
 "model": "mailtrigger.recipient",
 "pk": "group_changed_personnel",
 "fields": {
  "desc": "Any personnel who were added or deleted when a group's personnel changes",
  "template": "{% if changed_personnel %} {{ changed_personnel | join:\", \" }} {% endif %}"
 }
},
{
 "model": "mailtrigger.recipient",
 "pk": "group_mail_list",
 "fields": {
  "desc": "The group's mailing list",
  "template": "{% if group.list_email %}<{{ group.list_email }}>{% endif %}"
 }
},
{
 "model": "mailtrigger.recipient",
 "pk": "group_responsible_directors",
 "fields": {
  "desc": "The group's responsible AD(s) or IRTF chair",
  "template": null
 }
},
{
 "model": "mailtrigger.recipient",
 "pk": "group_secretaries",
 "fields": {
  "desc": "The group's secretaries",
  "template": null
 }
},
{
 "model": "mailtrigger.recipient",
 "pk": "group_steering_group",
 "fields": {
  "desc": "The group's steering group (IESG or IRSG)",
  "template": null
 }
},
{
 "model": "mailtrigger.recipient",
 "pk": "group_stream_announce",
 "fields": {
  "desc": "The group's stream's announce list",
  "template": "{% if group.type_id == 'wg' %}IETF-Announce <ietf-announce@ietf.org>{% elif group.type_id == 'rg' %}IRTF-Announce <irtf-announce@irtf.org>{% endif %}"
 }
},
{
 "model": "mailtrigger.recipient",
 "pk": "iab",
 "fields": {
  "desc": "The IAB",
  "template": "The IAB <iab@iab.org>"
 }
},
{
 "model": "mailtrigger.recipient",
 "pk": "iana",
 "fields": {
  "desc": "IANA",
  "template": "<iana@iana.org>"
 }
},
{
 "model": "mailtrigger.recipient",
 "pk": "iana_approve",
 "fields": {
  "desc": "IANA's draft approval address",
  "template": "IANA <drafts-approval@icann.org>"
 }
},
{
 "model": "mailtrigger.recipient",
 "pk": "iana_eval",
 "fields": {
  "desc": "IANA's draft evaluation address",
  "template": "IANA <drafts-eval@icann.org>"
 }
},
{
 "model": "mailtrigger.recipient",
 "pk": "iana_last_call",
 "fields": {
  "desc": "IANA's draft last call address",
  "template": "IANA <drafts-lastcall@icann.org>"
 }
},
{
 "model": "mailtrigger.recipient",
 "pk": "id_announce",
 "fields": {
  "desc": "The I-D-Announce Email List",
  "template": "<i-d-announce@ietf.org>"
 }
},
{
 "model": "mailtrigger.recipient",
 "pk": "iesg",
 "fields": {
  "desc": "The IESG",
  "template": "The IESG <iesg@ietf.org>"
 }
},
{
 "model": "mailtrigger.recipient",
 "pk": "iesg_secretary",
 "fields": {
  "desc": "The Secretariat",
  "template": "<iesg-secretary@ietf.org>"
 }
},
{
 "model": "mailtrigger.recipient",
 "pk": "ietf_announce",
 "fields": {
  "desc": "The IETF Announce list",
  "template": "IETF-Announce <ietf-announce@ietf.org>"
 }
},
{
 "model": "mailtrigger.recipient",
 "pk": "ietf_general",
 "fields": {
  "desc": "The IETF general discussion list",
  "template": "ietf@ietf.org"
 }
},
{
 "model": "mailtrigger.recipient",
 "pk": "ietf_secretariat",
 "fields": {
  "desc": "The Secretariat",
  "template": "<ietf-secretariat-reply@ietf.org>"
 }
},
{
 "model": "mailtrigger.recipient",
 "pk": "internet_draft_requests",
 "fields": {
  "desc": "The internet drafts ticketing system",
  "template": "<internet-drafts@ietf.org>"
 }
},
{
 "model": "mailtrigger.recipient",
 "pk": "ipr_announce",
 "fields": {
  "desc": "The IETF IPR announce list",
  "template": "ipr-announce@ietf.org"
 }
},
{
 "model": "mailtrigger.recipient",
 "pk": "ipr_requests",
 "fields": {
  "desc": "The ipr disclosure handling system",
  "template": "<ietf-ipr@ietf.org>"
 }
},
{
 "model": "mailtrigger.recipient",
 "pk": "ipr_submitter",
 "fields": {
  "desc": "The submitter of an IPR disclosure",
  "template": "{% if ipr.submitter_email %}{{ ipr.submitter_email }}{% endif %}"
 }
},
{
 "model": "mailtrigger.recipient",
 "pk": "ipr_updatedipr_contacts",
 "fields": {
  "desc": "The submitter (or ietf participant if the submitter is not available) of all IPR disclosures updated directly by this disclosure, without recursing to what the updated disclosures might have updated.",
  "template": null
 }
},
{
 "model": "mailtrigger.recipient",
 "pk": "ipr_updatedipr_holders",
 "fields": {
  "desc": "The holders of all IPR disclosures updated by disclosure and disclosures updated by those and so on.",
  "template": null
 }
},
{
 "model": "mailtrigger.recipient",
 "pk": "liaison_approvers",
 "fields": {
  "desc": "The set of people who can approve this liasion statemetns",
  "template": "{{liaison.approver_emails|join:\", \"}}"
 }
},
{
 "model": "mailtrigger.recipient",
 "pk": "liaison_cc",
 "fields": {
  "desc": "The addresses captured in the Cc field of the liaison statement form",
  "template": "{{liaison.cc_contacts}}"
 }
},
{
 "model": "mailtrigger.recipient",
 "pk": "liaison_manager",
 "fields": {
  "desc": "The assigned liaison manager for an external group ",
  "template": null
 }
},
{
 "model": "mailtrigger.recipient",
 "pk": "liaison_response_contacts",
 "fields": {
  "desc": "The addresses captured in the response contact field of the liaison statement form",
  "template": "{{liaison.response_contacts}}"
 }
},
{
 "model": "mailtrigger.recipient",
 "pk": "liaison_technical_contacts",
 "fields": {
  "desc": "The addresses captured in the technical contact field of the liaison statement form",
  "template": "{{liaison.technical_contacts}}"
 }
},
{
 "model": "mailtrigger.recipient",
 "pk": "liaison_to_contacts",
 "fields": {
  "desc": "The addresses captured in the To field of the liaison statement form",
  "template": "{{liaison.to_contacts}}"
 }
},
{
 "model": "mailtrigger.recipient",
 "pk": "logged_in_person",
 "fields": {
  "desc": "The person currently logged into the datatracker who initiated a given action",
  "template": "{% if person and person.email_address %}<{{ person.email_address }}>{% endif %}"
 }
},
{
 "model": "mailtrigger.recipient",
 "pk": "new_work",
 "fields": {
  "desc": "The IETF New Work list",
  "template": "<new-work@ietf.org>"
 }
},
{
 "model": "mailtrigger.recipient",
 "pk": "nomcom_chair",
 "fields": {
  "desc": "The chair of a given nomcom",
  "template": "{{nomcom.group.get_chair.email.address}}"
 }
},
{
 "model": "mailtrigger.recipient",
 "pk": "nominator",
 "fields": {
  "desc": "The person that submitted a nomination to nomcom",
  "template": "{{nominator}}"
 }
},
{
 "model": "mailtrigger.recipient",
 "pk": "nominee",
 "fields": {
  "desc": "The person nominated for a position",
  "template": "{{nominee}}"
 }
},
{
 "model": "mailtrigger.recipient",
 "pk": "review_doc_all_parties",
 "fields": {
  "desc": "The .all alias for the document being reviewed",
  "template": "{% if review_req.doc.type_id == 'draft' %}<{{review_req.doc.name}}.all@ietf.org>{% endif %}"
 }
},
{
 "model": "mailtrigger.recipient",
 "pk": "review_doc_group_mail_list",
 "fields": {
  "desc": "The working group list for the document being reviewed",
  "template": "{{review_req.doc.group.list_email}}"
 }
},
{
 "model": "mailtrigger.recipient",
 "pk": "review_team_mail_list",
 "fields": {
  "desc": "The review team's email list",
  "template": "{{review_req.team.list_email}}"
 }
},
{
 "model": "mailtrigger.recipient",
 "pk": "rfc_editor",
 "fields": {
  "desc": "The RFC Editor",
  "template": "<rfc-editor@rfc-editor.org>"
 }
},
{
 "model": "mailtrigger.recipient",
 "pk": "rfc_editor_if_doc_in_queue",
 "fields": {
  "desc": "The RFC Editor if a document is in the RFC Editor queue",
  "template": null
 }
},
{
 "model": "mailtrigger.recipient",
 "pk": "session_requester",
 "fields": {
  "desc": "The person that requested a meeting slot for a given group",
  "template": null
 }
},
{
 "model": "mailtrigger.recipient",
 "pk": "session_requests",
 "fields": {
  "desc": "The session request ticketing system",
  "template": "<session-request@ietf.org>"
 }
},
{
 "model": "mailtrigger.recipient",
 "pk": "stream_managers",
 "fields": {
  "desc": "The managers of any related streams",
  "template": null
 }
},
{
 "model": "mailtrigger.recipient",
 "pk": "submission_authors",
 "fields": {
  "desc": "The authors of a submitted draft",
  "template": null
 }
},
{
 "model": "mailtrigger.recipient",
 "pk": "submission_confirmers",
 "fields": {
  "desc": "The people who can confirm a draft submission",
  "template": null
 }
},
{
 "model": "mailtrigger.recipient",
 "pk": "submission_group_chairs",
 "fields": {
  "desc": "The chairs of a submitted draft belonging to a group",
  "template": null
 }
},
{
 "model": "mailtrigger.recipient",
 "pk": "submission_group_mail_list",
 "fields": {
  "desc": "The people who can confirm a draft submission",
  "template": null
 }
},
{
 "model": "mailtrigger.recipient",
 "pk": "submission_manualpost_handling",
 "fields": {
  "desc": "IETF manual post handling",
  "template": "<ietf-manualpost@ietf.org>"
 }
},
{
 "model": "mailtrigger.recipient",
 "pk": "submission_submitter",
 "fields": {
  "desc": "The person that submitted a draft",
  "template": "{{submission.submitter}}"
 }
},
{
 "model": "mailtrigger.mailtrigger",
 "pk": "ballot_approved_charter",
 "fields": {
  "desc": "Recipients when a charter is approved",
  "to": [
   "ietf_announce"
  ],
  "cc": [
   "doc_notify",
   "group_chairs",
   "group_mail_list",
   "group_steering_group"
  ]
 }
},
{
 "model": "mailtrigger.mailtrigger",
 "pk": "ballot_approved_conflrev",
 "fields": {
  "desc": "Recipients when a conflict review ballot is approved",
  "to": [
   "conflict_review_steering_group",
   "conflict_review_stream_manager",
   "doc_affecteddoc_authors",
   "doc_affecteddoc_group_chairs",
   "doc_affecteddoc_notify",
   "doc_notify"
  ],
  "cc": [
   "iana",
   "iesg",
   "ietf_announce"
  ]
 }
},
{
 "model": "mailtrigger.mailtrigger",
 "pk": "ballot_approved_ietf_stream",
 "fields": {
  "desc": "Recipients when an IETF stream document ballot is approved",
  "to": [
   "ietf_announce"
  ],
  "cc": [
   "doc_ad",
   "doc_authors",
   "doc_group_chairs",
   "doc_group_mail_list",
   "doc_notify",
   "doc_shepherd",
   "iesg",
   "rfc_editor"
  ]
 }
},
{
 "model": "mailtrigger.mailtrigger",
 "pk": "ballot_approved_ietf_stream_iana",
 "fields": {
  "desc": "Recipients for IANA message when an IETF stream document ballot is approved",
  "to": [
   "iana_approve"
  ],
  "cc": []
 }
},
{
 "model": "mailtrigger.mailtrigger",
 "pk": "ballot_approved_status_change",
 "fields": {
  "desc": "Recipients when a status change is approved",
  "to": [
   "ietf_announce"
  ],
  "cc": [
   "doc_affecteddoc_authors",
   "doc_affecteddoc_group_chairs",
   "doc_affecteddoc_notify",
   "doc_notify",
   "iesg",
   "rfc_editor"
  ]
 }
},
{
 "model": "mailtrigger.mailtrigger",
 "pk": "ballot_deferred",
 "fields": {
  "desc": "Recipients when a ballot is deferred to or undeferred from a future telechat",
  "to": [
   "conflict_review_stream_manager",
   "doc_affecteddoc_authors",
   "doc_affecteddoc_group_chairs",
   "doc_affecteddoc_notify",
   "doc_authors",
   "doc_group_chairs",
   "doc_notify",
   "doc_shepherd",
   "iesg",
   "iesg_secretary"
  ],
  "cc": []
 }
},
{
 "model": "mailtrigger.mailtrigger",
 "pk": "ballot_issued",
 "fields": {
  "desc": "Recipients when a ballot is issued",
  "to": [
   "iesg"
  ],
  "cc": []
 }
},
{
 "model": "mailtrigger.mailtrigger",
 "pk": "ballot_issued_iana",
 "fields": {
  "desc": "Recipients for IANA message when a ballot is issued",
  "to": [
   "iana_eval"
  ],
  "cc": []
 }
},
{
 "model": "mailtrigger.mailtrigger",
 "pk": "ballot_saved",
 "fields": {
  "desc": "Recipients when a new ballot position (with discusses, other blocking positions, or comments) is saved",
  "to": [
   "iesg"
  ],
  "cc": [
   "conflict_review_stream_manager",
   "doc_affecteddoc_authors",
   "doc_affecteddoc_group_chairs",
   "doc_affecteddoc_notify",
   "doc_authors",
   "doc_group_chairs",
   "doc_group_mail_list",
   "doc_notify",
   "doc_shepherd"
  ]
 }
},
{
 "model": "mailtrigger.mailtrigger",
 "pk": "charter_external_review",
 "fields": {
  "desc": "Recipients for a charter external review",
  "to": [
   "ietf_announce"
  ],
  "cc": [
   "group_mail_list"
  ]
 }
},
{
 "model": "mailtrigger.mailtrigger",
 "pk": "charter_external_review_new_work",
 "fields": {
  "desc": "Recipients for a message to new-work about a charter review",
  "to": [
   "new_work"
  ],
  "cc": []
 }
},
{
 "model": "mailtrigger.mailtrigger",
 "pk": "charter_internal_review",
 "fields": {
  "desc": "Recipients for message noting that internal review has started on a charter",
  "to": [
   "iab",
   "iesg"
  ],
  "cc": []
 }
},
{
 "model": "mailtrigger.mailtrigger",
 "pk": "charter_state_edit_admin_needed",
 "fields": {
  "desc": "Recipients for message to adminstrators when a charter state edit needs followon administrative action",
  "to": [
   "iesg_secretary"
  ],
  "cc": []
 }
},
{
 "model": "mailtrigger.mailtrigger",
 "pk": "conflrev_requested",
 "fields": {
  "desc": "Recipients for a stream manager's request for an IETF conflict review",
  "to": [
   "iesg_secretary"
  ],
  "cc": [
   "doc_affecteddoc_authors",
   "doc_affecteddoc_group_chairs",
   "doc_affecteddoc_notify",
   "doc_notify",
   "iesg"
  ]
 }
},
{
 "model": "mailtrigger.mailtrigger",
 "pk": "conflrev_requested_iana",
 "fields": {
  "desc": "Recipients for IANA message when a stream manager requests an IETF conflict review",
  "to": [
   "iana_eval"
  ],
  "cc": []
 }
},
{
 "model": "mailtrigger.mailtrigger",
 "pk": "doc_added_comment",
 "fields": {
  "desc": "Recipients for a message when a new comment is manually entered into the document's history",
  "to": [
   "doc_authors",
   "doc_group_chairs",
   "doc_group_responsible_directors",
   "doc_non_ietf_stream_manager",
   "doc_shepherd"
  ],
  "cc": []
 }
},
{
 "model": "mailtrigger.mailtrigger",
 "pk": "doc_adopted_by_group",
 "fields": {
  "desc": "Recipients for notification that a document has been adopted by a group",
  "to": [
   "doc_authors",
   "doc_group_chairs",
   "doc_group_mail_list"
  ],
  "cc": [
   "doc_ad",
   "doc_notify",
   "doc_shepherd"
  ]
 }
},
{
 "model": "mailtrigger.mailtrigger",
 "pk": "doc_expired",
 "fields": {
  "desc": "Recipients for notification of a document's expiration",
  "to": [
   "doc_authors"
  ],
  "cc": [
   "doc_group_chairs",
   "doc_group_responsible_directors",
   "doc_notify",
   "doc_shepherd"
  ]
 }
},
{
 "model": "mailtrigger.mailtrigger",
 "pk": "doc_expires_soon",
 "fields": {
  "desc": "Recipients for notification of impending expiration of a document",
  "to": [
   "doc_authors"
  ],
  "cc": [
   "doc_group_chairs",
   "doc_group_responsible_directors",
   "doc_notify",
   "doc_shepherd"
  ]
 }
},
{
 "model": "mailtrigger.mailtrigger",
 "pk": "doc_iana_state_changed",
 "fields": {
  "desc": "Recipients when IANA state information for a document changes ",
  "to": [
   "doc_ad",
   "doc_affecteddoc_authors",
   "doc_affecteddoc_group_chairs",
   "doc_affecteddoc_notify",
   "doc_authors",
   "doc_group_chairs",
   "doc_notify",
   "doc_shepherd"
  ],
  "cc": []
 }
},
{
 "model": "mailtrigger.mailtrigger",
 "pk": "doc_iesg_processing_started",
 "fields": {
  "desc": "Recipients for a message when the IESG begins processing a document ",
  "to": [
   "doc_ad",
   "doc_authors",
   "doc_group_chairs",
   "doc_shepherd"
  ],
  "cc": []
 }
},
{
 "model": "mailtrigger.mailtrigger",
 "pk": "doc_intended_status_changed",
 "fields": {
  "desc": "Recipients for a message when a document's intended publication status changes",
  "to": [
   "doc_authors",
   "doc_group_chairs",
   "doc_group_responsible_directors",
   "doc_non_ietf_stream_manager",
   "doc_shepherd"
  ],
  "cc": []
 }
},
{
 "model": "mailtrigger.mailtrigger",
 "pk": "doc_pulled_from_rfc_queue",
 "fields": {
  "desc": "Recipients when a document is taken out of the RFC's editor queue before publication",
  "to": [
   "iana",
   "rfc_editor"
  ],
  "cc": [
   "doc_authors",
   "doc_group_chairs",
   "doc_notify",
   "doc_shepherd",
   "iesg",
   "iesg_secretary"
  ]
 }
},
{
 "model": "mailtrigger.mailtrigger",
 "pk": "doc_replacement_changed",
 "fields": {
  "desc": "Recipients when what a document replaces or is replaced by changes",
  "to": [
   "doc_authors_expanded"
  ],
  "cc": []
 }
},
{
 "model": "mailtrigger.mailtrigger",
 "pk": "doc_replacement_suggested",
 "fields": {
  "desc": "Recipients for suggestions that this doc replaces or is replace by some other document",
  "to": [
   "doc_group_chairs",
   "doc_group_responsible_directors",
   "doc_non_ietf_stream_manager",
   "iesg_secretary"
  ],
  "cc": []
 }
},
{
 "model": "mailtrigger.mailtrigger",
 "pk": "doc_state_edited",
 "fields": {
  "desc": "Recipients when a document's state is manually edited",
  "to": [
   "doc_ad",
   "doc_affecteddoc_authors",
   "doc_affecteddoc_group_chairs",
   "doc_affecteddoc_notify",
   "doc_authors",
   "doc_group_chairs",
   "doc_group_responsible_directors",
   "doc_notify",
   "doc_shepherd"
  ],
  "cc": []
 }
},
{
 "model": "mailtrigger.mailtrigger",
 "pk": "doc_stream_changed",
 "fields": {
  "desc": "Recipients for notification when a document's stream changes",
  "to": [
   "doc_authors",
   "doc_notify",
   "stream_managers"
  ],
  "cc": []
 }
},
{
 "model": "mailtrigger.mailtrigger",
 "pk": "doc_stream_state_edited",
 "fields": {
  "desc": "Recipients when the stream state of a document is manually edited",
  "to": [
   "doc_authors",
   "doc_group_chairs",
   "doc_group_delegates",
   "doc_shepherd"
  ],
  "cc": []
 }
},
{
 "model": "mailtrigger.mailtrigger",
 "pk": "doc_telechat_details_changed",
 "fields": {
  "desc": "Recipients when a document's telechat date or other telechat specific details are changed",
  "to": [
   "doc_affecteddoc_authors",
   "doc_affecteddoc_group_chairs",
   "doc_affecteddoc_notify",
   "doc_authors",
   "doc_group_chairs",
   "doc_notify",
   "doc_shepherd",
   "iesg",
   "iesg_secretary"
  ],
  "cc": []
 }
},
{
 "model": "mailtrigger.mailtrigger",
 "pk": "group_approved_milestones_edited",
 "fields": {
  "desc": "Recipients when the set of approved milestones for a group are edited",
  "to": [
   "group_mail_list"
  ],
  "cc": []
 }
},
{
 "model": "mailtrigger.mailtrigger",
 "pk": "group_closure_requested",
 "fields": {
  "desc": "Recipients for message requesting closure of a group",
  "to": [
   "iesg_secretary"
  ],
  "cc": []
 }
},
{
 "model": "mailtrigger.mailtrigger",
 "pk": "group_milestones_edited",
 "fields": {
  "desc": "Recipients when any of a group's milestones are edited",
  "to": [
   "group_chairs",
   "group_responsible_directors"
  ],
  "cc": []
 }
},
{
 "model": "mailtrigger.mailtrigger",
 "pk": "group_personnel_change",
 "fields": {
  "desc": "Recipients for a message noting changes in a group's personnel",
  "to": [
   "group_chairs",
   "group_changed_personnel",
   "group_responsible_directors",
   "iesg_secretary"
  ],
  "cc": []
 }
},
{
 "model": "mailtrigger.mailtrigger",
 "pk": "interim_announced",
 "fields": {
  "desc": "Recipients when an interim meeting is announced",
  "to": [
   "group_stream_announce",
   "ietf_announce"
  ],
  "cc": [
   "group_mail_list"
  ]
 }
},
{
 "model": "mailtrigger.mailtrigger",
 "pk": "interim_approved",
 "fields": {
  "desc": "Recipients when an interim meeting is approved and an announcement needs to be sent",
  "to": [
   "iesg_secretary"
  ],
  "cc": []
 }
},
{
 "model": "mailtrigger.mailtrigger",
 "pk": "interim_cancelled",
 "fields": {
  "desc": "Recipients when an interim meeting is cancelled",
  "to": [
   "group_stream_announce",
   "ietf_announce"
  ],
  "cc": [
   "group_chairs",
   "group_mail_list",
   "logged_in_person"
  ]
 }
},
{
 "model": "mailtrigger.mailtrigger",
 "pk": "ipr_disclosure_followup",
 "fields": {
  "desc": "Recipients when the secretary follows up on an IPR disclosure submission",
  "to": [
   "ipr_submitter"
  ],
  "cc": []
 }
},
{
 "model": "mailtrigger.mailtrigger",
 "pk": "ipr_disclosure_submitted",
 "fields": {
  "desc": "Recipients when an IPR disclosure is submitted",
  "to": [
   "ipr_requests"
  ],
  "cc": []
 }
},
{
 "model": "mailtrigger.mailtrigger",
 "pk": "ipr_posted_on_doc",
 "fields": {
  "desc": "Recipients when an IPR disclosure calls out a given document",
  "to": [
   "doc_authors"
  ],
  "cc": [
   "doc_ipr_group_or_ad",
   "ipr_announce"
  ]
 }
},
{
 "model": "mailtrigger.mailtrigger",
 "pk": "ipr_posting_confirmation",
 "fields": {
  "desc": "Recipients for a message confirming that a disclosure has been posted",
  "to": [
   "ipr_submitter"
  ],
  "cc": [
   "ipr_updatedipr_contacts",
   "ipr_updatedipr_holders"
  ]
 }
},
{
 "model": "mailtrigger.mailtrigger",
 "pk": "last_call_expired",
 "fields": {
  "desc": "Recipients when a last call has expired",
  "to": [
   "doc_ad",
   "doc_authors",
   "doc_notify",
   "doc_shepherd"
  ],
  "cc": [
   "iesg_secretary"
  ]
 }
},
{
 "model": "mailtrigger.mailtrigger",
 "pk": "last_call_issued",
 "fields": {
  "desc": "Recipients when a last call is issued",
  "to": [
   "ietf_announce"
  ],
  "cc": [
   "doc_ad",
   "doc_affecteddoc_authors",
   "doc_affecteddoc_group_chairs",
   "doc_affecteddoc_notify",
   "doc_authors",
   "doc_group_chairs",
   "doc_group_mail_list",
   "doc_notify",
   "doc_shepherd"
  ]
 }
},
{
 "model": "mailtrigger.mailtrigger",
 "pk": "last_call_issued_iana",
 "fields": {
  "desc": "Recipients for IANA message when a last call is issued",
  "to": [
   "iana_last_call"
  ],
  "cc": []
 }
},
{
 "model": "mailtrigger.mailtrigger",
 "pk": "last_call_requested",
 "fields": {
  "desc": "Recipients when AD requests a last call",
  "to": [
   "iesg_secretary"
  ],
  "cc": [
   "doc_ad",
   "doc_notify",
   "doc_shepherd"
  ]
 }
},
{
 "model": "mailtrigger.mailtrigger",
 "pk": "liaison_approval_requested",
 "fields": {
  "desc": "Recipients for a message that a pending liaison statement needs approval",
  "to": [
   "liaison_approvers"
  ],
  "cc": []
 }
},
{
 "model": "mailtrigger.mailtrigger",
 "pk": "liaison_deadline_soon",
 "fields": {
  "desc": "Recipients for a message about a liaison statement deadline that is approaching.",
  "to": [
   "liaison_to_contacts"
  ],
  "cc": [
   "liaison_cc",
   "liaison_response_contacts",
   "liaison_technical_contacts"
  ]
 }
},
{
 "model": "mailtrigger.mailtrigger",
 "pk": "liaison_manager_update_request",
 "fields": {
  "desc": "Recipients for a message requesting an updated list of authorized individuals",
  "to": [
   "liaison_manager"
  ],
  "cc": []
 }
},
{
 "model": "mailtrigger.mailtrigger",
 "pk": "liaison_statement_posted",
 "fields": {
  "desc": "Recipient for a message when a new liaison statement is posted",
  "to": [
   "liaison_to_contacts"
  ],
  "cc": [
   "liaison_cc",
   "liaison_response_contacts",
   "liaison_technical_contacts"
  ]
 }
},
{
 "model": "mailtrigger.mailtrigger",
 "pk": "nomcom_comment_receipt_requested",
 "fields": {
  "desc": "Recipients for a message confirming a comment was made",
  "to": [
   "commenter"
  ],
  "cc": []
 }
},
{
 "model": "mailtrigger.mailtrigger",
 "pk": "nomcom_questionnaire",
 "fields": {
  "desc": "Recipients for the questionairre that nominees should complete",
  "to": [
   "nominee"
  ],
  "cc": []
 }
},
{
 "model": "mailtrigger.mailtrigger",
 "pk": "nomcom_questionnaire_reminder",
 "fields": {
  "desc": "Recipients for a message reminding a nominee to return a completed questionairre response",
  "to": [
   "nominee"
  ],
  "cc": []
 }
},
{
 "model": "mailtrigger.mailtrigger",
 "pk": "nomination_accept_reminder",
 "fields": {
  "desc": "Recipeints of message reminding a nominee to accept or decline a nomination",
  "to": [
   "nominee"
  ],
  "cc": []
 }
},
{
 "model": "mailtrigger.mailtrigger",
 "pk": "nomination_created_person",
 "fields": {
  "desc": "Recipients for a message noting that a nomination caused a new Person record to be created in the datatracker",
  "to": [
   "ietf_secretariat",
   "nomcom_chair"
  ],
  "cc": []
 }
},
{
 "model": "mailtrigger.mailtrigger",
 "pk": "nomination_new_nominee",
 "fields": {
  "desc": "Recipients the first time a person is nominated for a position, asking them to accept or decline the nomination",
  "to": [
   "nominee"
  ],
  "cc": []
 }
},
{
 "model": "mailtrigger.mailtrigger",
 "pk": "nomination_receipt_requested",
 "fields": {
  "desc": "Recipients for a message confirming a nomination was made",
  "to": [
   "nominator"
  ],
  "cc": []
 }
},
{
 "model": "mailtrigger.mailtrigger",
 "pk": "nomination_received",
 "fields": {
  "desc": "Recipients for a message noting a new nomination has been received",
  "to": [
   "nomcom_chair"
  ],
  "cc": []
 }
},
{
 "model": "mailtrigger.mailtrigger",
 "pk": "person_merge_requested",
 "fields": {
  "desc": "Recipients for a message requesting that duplicated Person records be merged ",
  "to": [
   "ietf_secretariat"
  ],
  "cc": []
 }
},
{
 "model": "mailtrigger.mailtrigger",
 "pk": "pubreq_iesg",
 "fields": {
  "desc": "Recipients when a draft is submitted to the IESG",
  "to": [
   "doc_ad"
  ],
  "cc": [
   "doc_group_chairs",
   "doc_notify",
   "doc_shepherd",
   "iesg_secretary"
  ]
 }
},
{
 "model": "mailtrigger.mailtrigger",
 "pk": "pubreq_rfced",
 "fields": {
  "desc": "Recipients when a non-IETF stream manager requests publication",
  "to": [
   "rfc_editor"
  ],
  "cc": []
 }
},
{
 "model": "mailtrigger.mailtrigger",
 "pk": "pubreq_rfced_iana",
 "fields": {
  "desc": "Recipients for IANA message when a non-IETF stream manager requests publication",
  "to": [
   "iana_approve"
  ],
  "cc": []
 }
},
{
 "model": "mailtrigger.mailtrigger",
 "pk": "resurrection_completed",
 "fields": {
  "desc": "Recipients when a draft resurrection request has been completed",
  "to": [
   "doc_ad",
   "iesg_secretary"
  ],
  "cc": []
 }
},
{
 "model": "mailtrigger.mailtrigger",
 "pk": "resurrection_requested",
 "fields": {
  "desc": "Recipients of a request to change the state of a draft away from 'Dead'",
  "to": [
   "internet_draft_requests"
  ],
  "cc": []
 }
},
{
 "model": "mailtrigger.mailtrigger",
 "pk": "review_assignments_summarized",
 "fields": {
  "desc": "Recipients when an review team secretary send a summary of open review assignments",
  "to": [
   "group_mail_list"
  ],
  "cc": []
 }
},
{
 "model": "mailtrigger.mailtrigger",
 "pk": "review_completed",
 "fields": {
  "desc": "Recipients when an review is completed",
  "to": [
   "review_team_mail_list"
  ],
  "cc": [
   "ietf_general",
   "review_doc_all_parties",
   "review_doc_group_mail_list"
  ]
 }
},
{
 "model": "mailtrigger.mailtrigger",
 "pk": "session_minutes_reminder",
 "fields": {
  "desc": "Recipients when a group is sent a reminder to submit minutes for a session",
  "to": [
   "group_chairs",
   "group_secretaries"
  ],
  "cc": [
   "group_responsible_directors"
  ]
 }
},
{
 "model": "mailtrigger.mailtrigger",
 "pk": "session_requested",
 "fields": {
  "desc": "Recipients for a normal meeting session request",
  "to": [
   "session_requests"
  ],
  "cc": [
   "group_chairs",
   "group_mail_list",
   "group_responsible_directors",
   "logged_in_person"
  ]
 }
},
{
 "model": "mailtrigger.mailtrigger",
 "pk": "session_requested_long",
 "fields": {
  "desc": "Recipients for a meeting session request for more than 2 sessions",
  "to": [
   "group_responsible_directors"
  ],
  "cc": [
   "group_chairs",
   "logged_in_person",
   "session_requests"
  ]
 }
},
{
 "model": "mailtrigger.mailtrigger",
 "pk": "session_request_cancelled",
 "fields": {
  "desc": "Recipients for a message cancelling a session request",
  "to": [
   "session_requests"
  ],
  "cc": [
   "group_chairs",
   "group_mail_list",
   "group_responsible_directors",
   "logged_in_person"
  ]
 }
},
{
 "model": "mailtrigger.mailtrigger",
 "pk": "session_request_not_meeting",
 "fields": {
  "desc": "Recipients for a message noting a group plans to not meet",
  "to": [
   "session_requests"
  ],
  "cc": [
   "group_chairs",
   "group_mail_list",
   "group_responsible_directors",
   "logged_in_person"
  ]
 }
},
{
 "model": "mailtrigger.mailtrigger",
 "pk": "session_scheduled",
 "fields": {
  "desc": "Recipients for details when a session has been scheduled",
  "to": [
   "group_chairs",
   "session_requester"
  ],
  "cc": [
   "group_mail_list",
   "group_responsible_directors"
  ]
 }
},
{
 "model": "mailtrigger.mailtrigger",
 "pk": "sub_announced",
 "fields": {
  "desc": "Recipients for the announcement of a successfully submitted draft",
  "to": [
   "id_announce"
  ],
  "cc": [
   "submission_group_mail_list"
  ]
 }
},
{
 "model": "mailtrigger.mailtrigger",
 "pk": "sub_announced_to_authors",
 "fields": {
  "desc": "Recipients for the announcement to the authors of a successfully submitted draft",
  "to": [
   "submission_authors",
   "submission_confirmers"
  ],
  "cc": []
 }
},
{
 "model": "mailtrigger.mailtrigger",
 "pk": "sub_chair_approval_requested",
 "fields": {
  "desc": "Recipients for a message requesting group chair approval of a draft submission",
  "to": [
   "submission_group_chairs"
  ],
  "cc": []
 }
},
{
 "model": "mailtrigger.mailtrigger",
 "pk": "sub_confirmation_requested",
 "fields": {
  "desc": "Recipients for a message requesting confirmation of a draft submission",
  "to": [
   "submission_confirmers"
  ],
  "cc": []
 }
},
{
 "model": "mailtrigger.mailtrigger",
 "pk": "sub_management_url_requested",
 "fields": {
  "desc": "Recipients for a message with the full URL for managing a draft submission",
  "to": [
   "submission_confirmers"
  ],
  "cc": []
 }
},
{
 "model": "mailtrigger.mailtrigger",
 "pk": "sub_manual_post_requested",
 "fields": {
  "desc": "Recipients for a manual post request for a draft submission",
  "to": [
   "internet_draft_requests"
  ],
  "cc": [
   "submission_authors",
   "submission_group_chairs",
   "submission_submitter"
  ]
 }
},
{
 "model": "mailtrigger.mailtrigger",
 "pk": "sub_new_version",
 "fields": {
  "desc": "Recipients for notification of a new version of an existing document",
  "to": [
   "doc_ad",
   "doc_discussing_ads",
   "doc_non_ietf_stream_manager",
   "doc_notify",
   "rfc_editor_if_doc_in_queue"
  ],
  "cc": []
 }
}
]
